#
# There is insufficient memory for the Java Runtime Environment to continue.
# Native memory allocation (malloc) failed to allocate 7333272 bytes. Error detail: Chunk::new
# Possible reasons:
#   The system is out of physical RAM or swap space
#   This process is running with CompressedOops enabled, and the Java Heap may be blocking the growth of the native heap
# Possible solutions:
#   Reduce memory load on the system
#   Increase physical memory or swap space
#   Check if swap backing store is full
#   Decrease Java heap size (-Xmx/-Xms)
#   Decrease number of Java threads
#   Decrease Java thread stack sizes (-Xss)
#   Set larger code cache with -XX:ReservedCodeCacheSize=
#   JVM is running with Unscaled Compressed Oops mode in which the Java heap is
#     placed in the first 4GB address space. The Java Heap base address is the
#     maximum limit for the native heap growth. Please use -XX:HeapBaseMinAddress
#     to set the Java Heap base and to place the Java Heap above 4GB virtual address.
# This output file may be truncated or incomplete.
#
#  Out of Memory Error (arena.cpp:186), pid=61756, tid=51080
#
# JRE version: OpenJDK Runtime Environment JBR-25.0.2+1-329.72-jcef (25.0.2+1) (build 25.0.2+1-b329.72)
# Java VM: OpenJDK 64-Bit Server VM JBR-25.0.2+1-329.72-jcef (25.0.2+1-b329.72, mixed mode, sharing, tiered, compressed oops, compressed class ptrs, g1 gc, windows-amd64)
# No core dump will be written. Minidumps are not enabled by default on client versions of Windows
#

---------------  S U M M A R Y ------------

Command Line: abort vfprintf -XX:ErrorFile=C:\Users\zhouht\java_error_in_rider_%p.log -XX:HeapDumpPath=C:\Users\zhouht\java_error_in_rider.hprof -Xms128m -Xmx2048m -XX:JbrShrinkingGcMaxHeapFreeRatio=40 -XX:ReservedCodeCacheSize=512m -XX:+HeapDumpOnOutOfMemoryError -XX:-OmitStackTraceInFastThrow -XX:CICompilerCount=2 -XX:+IgnoreUnrecognizedVMOptions -XX:+UnlockDiagnosticVMOptions -XX:TieredOldPercentage=100000 -ea -Dsun.io.useCanonCaches=false -Dsun.java2d.metal=true -Djbr.catch.SIGABRT=true -Djdk.http.auth.tunneling.disabledSchemes="" -Djdk.attach.allowAttachSelf=true -Djdk.module.illegalAccess.silent=true -Djdk.nio.maxCachedBufferSize=2097152 -Djava.util.zip.use.nio.for.zip.file.access=true -Dkotlinx.coroutines.debug=off -Dskiko.rendering.useScreenMenuBar=false -Djava.nio.file.spi.DefaultFileSystemProvider=com.intellij.platform.core.nio.fs.MultiRoutingFileSystemProvider -Dllm.show.ai.promotion.window.on.start=false -Denable.non.commercial.ai.license=true -Xms256m -Xmx2048m -XX:ReservedCodeCacheSize=512m -XX:+IgnoreUnrecognizedVMOptions -XX:+UseG1GC -XX:SoftRefLRUPolicyMSPerMB=50 -XX:CICompilerCount=2 -XX:+HeapDumpOnOutOfMemoryError -XX:-OmitStackTraceInFastThrow -ea -Dsun.io.useCanonCaches=false -Djdk.http.auth.tunneling.disabledSchemes="" -Djdk.attach.allowAttachSelf=true -Djdk.module.illegalAccess.silent=true -Dkotlinx.coroutines.debug=off -XX:ErrorFile=$USER_HOME/java_error_in_idea_%p.log -XX:HeapDumpPath=$USER_HOME/java_error_in_idea.hprof --add-opens=java.base/jdk.internal.org.objectweb.asm=ALL-UNNAMED --add-opens=java.base/jdk.internal.org.objectweb.asm.tree=ALL-UNNAMED -javaagent:C:\ProgramData\JetBrains\license\licserv.jar -Djb.vmOptionsFile=C:\ProgramData\JetBrains\license\vmoptions\rider.vmoptions -Xbootclasspath/a:C:\_PROM_\DEV\JetBrains\Rider_2026_1\Rider2026.1\lib\nio-fs.jar -Djava.system.class.loader=com.intellij.util.lang.PathClassLoader -Didea.vendor.name=JetBrains -Didea.paths.selector=Rider2026.1 -Djna.boot.library.path=C:\_PROM_\DEV\JetBrains\Rider_2026_1\Rider2026.1/lib/jna/amd64 -Djna.nosys=true -Djna.noclasspath=true -Dpty4j.preferred.native.folder=C:\_PROM_\DEV\JetBrains\Rider_2026_1\Rider2026.1/lib/pty4j -Dio.netty.allocator.type=pooled -Dskiko.library.path=C:\_PROM_\DEV\JetBrains\Rider_2026_1\Rider2026.1/lib/skiko-awt-runtime-all -Dintellij.platform.runtime.repository.path=C:\_PROM_\DEV\JetBrains\Rider_2026_1\Rider2026.1/modules/module-descriptors.dat -Didea.platform.prefix=Rider -Didea.class.before.app=com.jetbrains.rider.protocol.EarlyBackendStarter -Didea.show.customize.ide.wizard=true -DFilePageCache.THROW_ERROR_ON_DUPLICATE_STORAGE_REGISTRATION=false -Dsplash=true -Daether.connector.resumeDownloads=false -Dcompose.swing.render.on.graphics=true --enable-native-access=ALL-UNNAMED --add-opens=java.base/java.io=ALL-UNNAMED --add-opens=java.base/java.lang=ALL-UNNAMED --add-opens=java.base/java.lang.ref=ALL-UNNAMED --add-opens=java.base/java.lang.reflect=ALL-UNNAMED --add-opens=java.base/java.net=ALL-UNNAMED --add-opens=java.base/java.nio=ALL-UNNAMED --add-opens=java.base/java.nio.charset=ALL-UNNAMED --add-opens=java.base/java.text=ALL-UNNAMED --add-opens=java.base/java.time=ALL-UNNAMED --add-opens=java.base/java.util=ALL-UNNAMED --add-opens=java.base/java.util.concurrent=ALL-UNNAMED --add-opens=java.base/java.util.concurrent.atomic=ALL-UNNAMED --add-opens=java.base/java.util.concurrent.locks=ALL-UNNAMED --add-opens=java.base/jdk.internal.ref=ALL-UNNAMED --add-opens=java.base/jdk.internal.vm=ALL-UNNAMED --add-opens=java.base/sun.net.dns=ALL-UNNAMED --add-opens=java.base/sun.nio=ALL-UNNAMED --add-opens=java.base/sun.nio.ch=ALL-UNNAMED --add-opens=java.base/sun.nio.fs=ALL-UNNAMED --add-opens=java.base/sun.security.ssl=ALL-UNNAMED --add-opens=java.base/sun.security.util=ALL-UNNAMED --add-opens=java.desktop/com.sun.java.swing=ALL-UNNAMED --add-opens=java.desktop/java.awt=ALL-UNNAMED --add-opens=java.desktop/java.awt.dnd.peer=ALL-UNNAMED --add-opens=java.desktop/java.awt.event=ALL-UNNAMED --add-opens=java.desktop/java.awt.font=ALL-UNNAMED --add-opens=java.desktop/java.awt.image=ALL-UNNAMED --add-opens=java.desktop/java.awt.peer=ALL-UNNAMED --add-opens=java.desktop/javax.swing=ALL-UNNAMED --add-opens=java.desktop/javax.swing.plaf.basic=ALL-UNNAMED --add-opens=java.desktop/javax.swing.text=ALL-UNNAMED --add-opens=java.desktop/javax.swing.text.html=ALL-UNNAMED --add-opens=java.desktop/javax.swing.text.html.parser=ALL-UNNAMED --add-opens=java.desktop/sun.awt=ALL-UNNAMED --add-opens=java.desktop/sun.awt.datatransfer=ALL-UNNAMED --add-opens=java.desktop/sun.awt.image=ALL-UNNAMED --add-opens=java.desktop/sun.awt.windows=ALL-UNNAMED --add-opens=java.desktop/sun.font=ALL-UNNAMED --add-opens=java.desktop/sun.java2d=ALL-UNNAMED --add-opens=java.desktop/sun.swing=ALL-UNNAMED --add-opens=java.management/sun.management=ALL-UNNAMED --add-opens=jdk.attach/sun.tools.attach=ALL-UNNAMED --add-opens=jdk.compiler/com.sun.tools.javac.api=ALL-UNNAMED --add-opens=jdk.internal.jvmstat/sun.jvmstat.monitor=ALL-UNNAMED --add-opens=jdk.jdi/com.sun.tools.jdi=ALL-UNNAMED -Dide.native.launcher=true -Djcef.sandbox.ptr=000002ABC81A7280 -Djcef.sandbox.cefVersion=122.1.9+gd14e051+chromium-122.0.6261.94 com.intellij.idea.Main E:\WORKSPACE\CODE_REVIT\revit-mcp-local-bridge\RevitCommandBridge.slnx

Host: AMD Ryzen 9 9955HX 16-Core Processor           , 32 cores, 15G,  Windows 11 , 64 bit Build 26100 (10.0.26100.7019)
Time: Fri Aug 28 11:57:13 2026 elapsed time: 17.460512 seconds (0d 0h 0m 17s)

---------------  T H R E A D  ---------------

Current thread (0x000002abf301df20):  JavaThread "C2 CompilerThread0" daemon [_thread_in_native, id=51080, stack(0x000000d4e6c00000,0x000000d4e6d00000) (1024K)]


Current CompileTask:
C2:17461 22763       4       org.apache.lucene.analysis.hunspell.WordStorage$Builder::flushGroup (511 bytes)

Stack: [0x000000d4e6c00000,0x000000d4e6d00000]
Native frames: (J=compiled Java code, j=interpreted, Vv=VM code, C=native code)
V  [jvm.dll+0x7c0b19]  (no source info available)
V  [jvm.dll+0x78a2ed]  (no source info available)
V  [jvm.dll+0xa0e563]  (no source info available)
V  [jvm.dll+0xa10d5c]  (no source info available)
V  [jvm.dll+0xa11453]  (no source info available)
V  [jvm.dll+0x307b86]  (no source info available)
V  [jvm.dll+0x114676]  (no source info available)
V  [jvm.dll+0x1149a6]  (no source info available)
V  [jvm.dll+0x1a9144]  (no source info available)
V  [jvm.dll+0x3c1142]  (no source info available)
V  [jvm.dll+0x7c6488]  (no source info available)
V  [jvm.dll+0x2c9ce7]  (no source info available)
V  [jvm.dll+0x2c8c5b]  (no source info available)
V  [jvm.dll+0x240590]  (no source info available)
V  [jvm.dll+0x2d8ce4]  (no source info available)
V  [jvm.dll+0x2d6f0b]  (no source info available)
V  [jvm.dll+0x49dbb5]  (no source info available)
V  [jvm.dll+0x9ae45d]  (no source info available)
V  [jvm.dll+0x7bf035]  (no source info available)
C  [ucrtbase.dll+0x37b0]  (no source info available)
C  [KERNEL32.DLL+0x2e8d7]  (no source info available)
C  [ntdll.dll+0x8c53c]  (no source info available)

Lock stack of current Java thread (top to bottom):


---------------  P R O C E S S  ---------------

Threads class SMR info:
_java_thread_list=0x000002abb1d4bd00, length=159, elements={
0x000002abca9d9500, 0x000002abf30117c0, 0x000002abf30172c0, 0x000002abf3017a80,
0x000002abf30199a0, 0x000002abf301a560, 0x000002abf301b8c0, 0x000002abf301cc20,
0x000002abf301df20, 0x000002abf6942720, 0x000002abfb64f0e0, 0x000002abfb64f8b0,
0x000002abfb650850, 0x000002abfb651020, 0x000002abfb64e140, 0x000002abfb64e910,
0x000002abfb652790, 0x000002abfb653f00, 0x000002abfb652f60, 0x000002abfb6546d0,
0x000002aba5e06eb0, 0x000002aba5e047a0, 0x000002aba5e04f70, 0x000002aba5e095c0,
0x000002aba5e0a560, 0x000002aba5e0b500, 0x000002aba60c8c40, 0x000002aba60cab80,
0x000002aba60ca3b0, 0x000002aba60cd290, 0x000002aba60c9be0, 0x000002aba6d7d2e0,
0x000002aba6d7f220, 0x000002aba717f770, 0x000002aba717e7d0, 0x000002aba71816b0,
0x000002aba7182650, 0x000002aba7183dc0, 0x000002aba76d2860, 0x000002aba76d3030,
0x000002aba76d2090, 0x000002aba76d0920, 0x000002aba76d3800, 0x000002aba76d47a0,
0x000002aba76d10f0, 0x000002aba76d4f70, 0x000002aba76d18c0, 0x000002aba76d5740,
0x000002aba76d7e50, 0x000002aba76d66e0, 0x000002aba76d5f10, 0x000002aba76d6eb0,
0x000002aba76d7680, 0x000002aba76bc900, 0x000002aba76ba9c0, 0x000002aba76bd0d0,
0x000002aba76bd8a0, 0x000002aba76bb960, 0x000002aba76bc130, 0x000002aba76ba1f0,
0x000002aba76be070, 0x000002aba76bb190, 0x000002aba76bf010, 0x000002aba76bf7e0,
0x000002aba76be840, 0x000002aba9025ad0, 0x000002aba9024b30, 0x000002aba90281e0,
0x000002abbd071070, 0x000002abbd0727e0, 0x000002abbd07d3c0, 0x000002abb13f9d10,
0x000002abb1406060, 0x000002abb1406830, 0x000002ac3970b170, 0x000002ac3970a1d0,
0x000002ac39709a00, 0x000002ac397145e0, 0x000002ac39714db0, 0x000002ac39715d50,
0x000002ac39716520, 0x000002ac39712e70, 0x000002ac39713640, 0x000002ac3971a3a0,
0x000002ac3971ab70, 0x000002ac39722870, 0x000002ac4172ae60, 0x000002ac4172a690,
0x000002ac4172b630, 0x000002ac41728f20, 0x000002ac4172be00, 0x000002ac417296f0,
0x000002ac4172cda0, 0x000002ac4172dd40, 0x000002ac4172f4b0, 0x000002ac4172c5d0,
0x000002ac41730450, 0x000002ac417342d0, 0x000002ac41730c20, 0x000002ac41735270,
0x000002ac417371b0, 0x000002ac4173b030, 0x000002ac4173f680, 0x000002ac41743cd0,
0x000002ac41743500, 0x000002ac41745440, 0x000002ac417463e0, 0x000002ac41746bb0,
0x000002ac6311b550, 0x000002ac6311a5b0, 0x000002ac6311ad80, 0x000002ac6311c4f0,
0x000002ac6311d490, 0x000002ac6311e430, 0x000002ac631222b0, 0x000002ac63121ae0,
0x000002ac63120b40, 0x000002ac6311f3d0, 0x000002ac63123250, 0x000002ac631241f0,
0x000002ac63131cb0, 0x000002ac6312fd70, 0x000002ac681791f0, 0x000002ac681799c0,
0x000002ac6817e7e0, 0x000002ac68182e30, 0x000002ac68181e90, 0x000002ac68177a80,
0x000002ac68182660, 0x000002ac6818f950, 0x000002ac681908f0, 0x000002ac6818d240,
0x000002ac681910c0, 0x000002ac68192060, 0x000002ac68193fa0, 0x000002abbd077dd0,
0x000002ac6ca88a20, 0x000002ac6ca8efb0, 0x000002ac6ca91e90, 0x000002ac6ca92660,
0x000002ac6ca71af0, 0x000002ac6ca722c0, 0x000002ac6ca7b730, 0x000002ac775f44c0,
0x000002ac77617f10, 0x000002ac77620bb0, 0x000002ac776280e0, 0x000002ac7762a020,
0x000002ac77627140, 0x000002aba901f540, 0x000002abfb478130, 0x000002abfb4761f0,
0x000002abfb474a80, 0x000002abfb480600, 0x000002abfb491770, 0x000002abfb4b03a0,
0x000002aba901d600, 0x000002ac776232c0, 0x000002ac852bad50
}

Java Threads: ( => current thread )
  0x000002abca9d9500 JavaThread "main"                              [_thread_blocked, id=51804, stack(0x000000d4e5c00000,0x000000d4e5e00000) (2048K)]
  0x000002abf30117c0 JavaThread "Common-Cleaner"             daemon [_thread_blocked, id=36480, stack(0x000000d4e6500000,0x000000d4e6600000) (1024K)]
  0x000002abf30172c0 JavaThread "Reference Handler"          daemon [_thread_blocked, id=61284, stack(0x000000d4e6600000,0x000000d4e6700000) (1024K)]
  0x000002abf3017a80 JavaThread "Finalizer"                  daemon [_thread_blocked, id=46888, stack(0x000000d4e6700000,0x000000d4e6800000) (1024K)]
  0x000002abf30199a0 JavaThread "Signal Dispatcher"          daemon [_thread_blocked, id=46168, stack(0x000000d4e6800000,0x000000d4e6900000) (1024K)]
  0x000002abf301a560 JavaThread "Attach Listener"            daemon [_thread_blocked, id=70916, stack(0x000000d4e6900000,0x000000d4e6a00000) (1024K)]
  0x000002abf301b8c0 JavaThread "Service Thread"             daemon [_thread_blocked, id=44332, stack(0x000000d4e6a00000,0x000000d4e6b00000) (1024K)]
  0x000002abf301cc20 JavaThread "Monitor Deflation Thread"   daemon [_thread_blocked, id=74892, stack(0x000000d4e6b00000,0x000000d4e6c00000) (1024K)]
=>0x000002abf301df20 JavaThread "C2 CompilerThread0"         daemon [_thread_in_native, id=51080, stack(0x000000d4e6c00000,0x000000d4e6d00000) (1024K)]
  0x000002abf6942720 JavaThread "C1 CompilerThread0"         daemon [_thread_blocked, id=59152, stack(0x000000d4e6d00000,0x000000d4e6e00000) (1024K)]
  0x000002abfb64f0e0 JavaThread "Notification Thread"        daemon [_thread_blocked, id=36444, stack(0x000000d4e7300000,0x000000d4e7400000) (1024K)]
  0x000002abfb64f8b0 JavaThread "DefaultDispatcher-worker-1" daemon [_thread_in_vm, id=74196, stack(0x000000d4e7400000,0x000000d4e7500000) (1024K)]
  0x000002abfb650850 JavaThread "DefaultDispatcher-worker-2" daemon [_thread_blocked, id=39284, stack(0x000000d4e7500000,0x000000d4e7600000) (1024K)]
  0x000002abfb651020 JavaThread "DefaultDispatcher-worker-3" daemon [_thread_in_native, id=74280, stack(0x000000d4e7600000,0x000000d4e7700000) (1024K)]
  0x000002abfb64e140 JavaThread "DefaultDispatcher-worker-4" daemon [_thread_blocked, id=40160, stack(0x000000d4e7700000,0x000000d4e7800000) (1024K)]
  0x000002abfb64e910 JavaThread "DefaultDispatcher-worker-5" daemon [_thread_blocked, id=42684, stack(0x000000d4e7800000,0x000000d4e7900000) (1024K)]
  0x000002abfb652790 JavaThread "DefaultDispatcher-worker-6" daemon [_thread_blocked, id=48732, stack(0x000000d4e7900000,0x000000d4e7a00000) (1024K)]
  0x000002abfb653f00 JavaThread "DefaultDispatcher-worker-7" daemon [_thread_blocked, id=28040, stack(0x000000d4e7a00000,0x000000d4e7b00000) (1024K)]
  0x000002abfb652f60 JavaThread "DefaultDispatcher-worker-8" daemon [_thread_blocked, id=38460, stack(0x000000d4e7b00000,0x000000d4e7c00000) (1024K)]
  0x000002abfb6546d0 JavaThread "DefaultDispatcher-worker-9" daemon [_thread_blocked, id=25384, stack(0x000000d4e7c00000,0x000000d4e7d00000) (1024K)]
  0x000002aba5e06eb0 JavaThread "DefaultDispatcher-worker-10" daemon [_thread_blocked, id=45092, stack(0x000000d4e7d00000,0x000000d4e7e00000) (1024K)]
  0x000002aba5e047a0 JavaThread "DefaultDispatcher-worker-11" daemon [_thread_blocked, id=73860, stack(0x000000d4e7e00000,0x000000d4e7f00000) (1024K)]
  0x000002aba5e04f70 JavaThread "DefaultDispatcher-worker-12" daemon [_thread_blocked, id=60736, stack(0x000000d4e7f00000,0x000000d4e8000000) (1024K)]
  0x000002aba5e095c0 JavaThread "DefaultDispatcher-worker-13" daemon [_thread_blocked, id=68996, stack(0x000000d4e8000000,0x000000d4e8100000) (1024K)]
  0x000002aba5e0a560 JavaThread "DefaultDispatcher-worker-14" daemon [_thread_blocked, id=70332, stack(0x000000d4e8100000,0x000000d4e8200000) (1024K)]
  0x000002aba5e0b500 JavaThread "DefaultDispatcher-worker-15" daemon [_thread_blocked, id=75140, stack(0x000000d4e8200000,0x000000d4e8300000) (1024K)]
  0x000002aba60c8c40 JavaThread "DefaultDispatcher-worker-16" daemon [_thread_blocked, id=52460, stack(0x000000d4e8300000,0x000000d4e8400000) (1024K)]
  0x000002aba60cab80 JavaThread "DefaultDispatcher-worker-17" daemon [_thread_blocked, id=69204, stack(0x000000d4e8400000,0x000000d4e8500000) (1024K)]
  0x000002aba60ca3b0 JavaThread "Java2D Disposer"            daemon [_thread_blocked, id=49800, stack(0x000000d4e8500000,0x000000d4e8600000) (1024K)]
  0x000002aba60cd290 JavaThread "AWT-Shutdown"                      [_thread_blocked, id=52424, stack(0x000000d4e8600000,0x000000d4e8700000) (1024K)]
  0x000002aba60c9be0 JavaThread "AWT-Windows"                daemon [_thread_in_native, id=42828, stack(0x000000d4e8700000,0x000000d4e8800000) (1024K)]
  0x000002aba6d7d2e0 JavaThread "Kernel event loop thread s5sh2li0625ndstlk3np" daemon [_thread_blocked, id=67096, stack(0x000000d4e8800000,0x000000d4e8900000) (1024K)]
  0x000002aba6d7f220 JavaThread "External Command Listener"  daemon [_thread_in_native, id=74392, stack(0x000000d4e8900000,0x000000d4e8a00000) (1024K)]
  0x000002aba717f770 JavaThread "kotlinx.coroutines.DefaultExecutor" daemon [_thread_blocked, id=72128, stack(0x000000d4e9400000,0x000000d4e9500000) (1024K)]
  0x000002aba717e7d0 JavaThread "AWT-EventQueue-0"                  [_thread_in_native, id=52780, stack(0x000000d4e9600000,0x000000d4e9700000) (1024K)]
  0x000002aba71816b0 JavaThread "EarlyStartServerWire/Sender" daemon [_thread_blocked, id=56196, stack(0x000000d4e9700000,0x000000d4e9800000) (1024K)]
  0x000002aba7182650 JavaThread "EarlyStartServerWire"       daemon [_thread_in_native, id=55168, stack(0x000000d4e9800000,0x000000d4e9900000) (1024K)]
  0x000002aba7183dc0 JavaThread "SerializersBackgroundRegistrar" daemon [_thread_blocked, id=37768, stack(0x000000d4e9900000,0x000000d4e9a00000) (1024K)]
  0x000002aba76d2860 JavaThread "DefaultDispatcher-worker-18" daemon [_thread_blocked, id=49692, stack(0x000000d4e9a00000,0x000000d4e9b00000) (1024K)]
  0x000002aba76d3030 JavaThread "DefaultDispatcher-worker-19" daemon [_thread_blocked, id=64220, stack(0x000000d4e9b00000,0x000000d4e9c00000) (1024K)]
  0x000002aba76d2090 JavaThread "DefaultDispatcher-worker-20" daemon [_thread_blocked, id=51892, stack(0x000000d4e9c00000,0x000000d4e9d00000) (1024K)]
  0x000002aba76d0920 JavaThread "DefaultDispatcher-worker-21" daemon [_thread_blocked, id=70632, stack(0x000000d4e9d00000,0x000000d4e9e00000) (1024K)]
  0x000002aba76d3800 JavaThread "DefaultDispatcher-worker-22" daemon [_thread_blocked, id=68016, stack(0x000000d4e9e00000,0x000000d4e9f00000) (1024K)]
  0x000002aba76d47a0 JavaThread "DefaultDispatcher-worker-23" daemon [_thread_in_native, id=47360, stack(0x000000d4e9f00000,0x000000d4ea000000) (1024K)]
  0x000002aba76d10f0 JavaThread "DefaultDispatcher-worker-24" daemon [_thread_blocked, id=10600, stack(0x000000d4ea000000,0x000000d4ea100000) (1024K)]
  0x000002aba76d4f70 JavaThread "DefaultDispatcher-worker-25" daemon [_thread_blocked, id=62584, stack(0x000000d4ea100000,0x000000d4ea200000) (1024K)]
  0x000002aba76d18c0 JavaThread "DefaultDispatcher-worker-26" daemon [_thread_blocked, id=71600, stack(0x000000d4ea200000,0x000000d4ea300000) (1024K)]
  0x000002aba76d5740 JavaThread "DefaultDispatcher-worker-27" daemon [_thread_blocked, id=59780, stack(0x000000d4ea300000,0x000000d4ea400000) (1024K)]
  0x000002aba76d7e50 JavaThread "DefaultDispatcher-worker-28" daemon [_thread_blocked, id=71960, stack(0x000000d4ea400000,0x000000d4ea500000) (1024K)]
  0x000002aba76d66e0 JavaThread "DefaultDispatcher-worker-29" daemon [_thread_blocked, id=68012, stack(0x000000d4ea500000,0x000000d4ea600000) (1024K)]
  0x000002aba76d5f10 JavaThread "DefaultDispatcher-worker-30" daemon [_thread_blocked, id=8868, stack(0x000000d4ea600000,0x000000d4ea700000) (1024K)]
  0x000002aba76d6eb0 JavaThread "DefaultDispatcher-worker-31" daemon [_thread_blocked, id=11480, stack(0x000000d4ea700000,0x000000d4ea800000) (1024K)]
  0x000002aba76d7680 JavaThread "DefaultDispatcher-worker-32" daemon [_thread_blocked, id=57616, stack(0x000000d4ea800000,0x000000d4ea900000) (1024K)]
  0x000002aba76bc900 JavaThread "DefaultDispatcher-worker-33" daemon [_thread_blocked, id=61804, stack(0x000000d4ea900000,0x000000d4eaa00000) (1024K)]
  0x000002aba76ba9c0 JavaThread "DefaultDispatcher-worker-34" daemon [_thread_blocked, id=72188, stack(0x000000d4eaa00000,0x000000d4eab00000) (1024K)]
  0x000002aba76bd0d0 JavaThread "DefaultDispatcher-worker-35" daemon [_thread_blocked, id=54232, stack(0x000000d4eab00000,0x000000d4eac00000) (1024K)]
  0x000002aba76bd8a0 JavaThread "DefaultDispatcher-worker-36" daemon [_thread_blocked, id=25324, stack(0x000000d4eac00000,0x000000d4ead00000) (1024K)]
  0x000002aba76bb960 JavaThread "DefaultDispatcher-worker-37" daemon [_thread_blocked, id=34160, stack(0x000000d4ead00000,0x000000d4eae00000) (1024K)]
  0x000002aba76bc130 JavaThread "DefaultDispatcher-worker-38" daemon [_thread_blocked, id=44428, stack(0x000000d4eae00000,0x000000d4eaf00000) (1024K)]
  0x000002aba76ba1f0 JavaThread "DefaultDispatcher-worker-39" daemon [_thread_blocked, id=30916, stack(0x000000d4eaf00000,0x000000d4eb000000) (1024K)]
  0x000002aba76be070 JavaThread "DefaultDispatcher-worker-40" daemon [_thread_blocked, id=44088, stack(0x000000d4eb000000,0x000000d4eb100000) (1024K)]
  0x000002aba76bb190 JavaThread "DefaultDispatcher-worker-41" daemon [_thread_blocked, id=55184, stack(0x000000d4eb100000,0x000000d4eb200000) (1024K)]
  0x000002aba76bf010 JavaThread "DefaultDispatcher-worker-42" daemon [_thread_blocked, id=50860, stack(0x000000d4eb200000,0x000000d4eb300000) (1024K)]
  0x000002aba76bf7e0 JavaThread "DefaultDispatcher-worker-43" daemon [_thread_blocked, id=34028, stack(0x000000d4eb300000,0x000000d4eb400000) (1024K)]
  0x000002aba76be840 JavaThread "DefaultDispatcher-worker-44" daemon [_thread_blocked, id=67592, stack(0x000000d4eb400000,0x000000d4eb500000) (1024K)]
  0x000002aba9025ad0 JavaThread "Rider.Backend.exe"                 [_thread_in_native, id=32272, stack(0x000000d4ebe00000,0x000000d4ebf00000) (1024K)]
  0x000002aba9024b30 JavaThread "BaseDataReader: output stream of Rider.Backend.exe"        [_thread_in_native, id=72988, stack(0x000000d4ebf00000,0x000000d4ec000000) (1024K)]
  0x000002aba90281e0 JavaThread "BaseDataReader: error stream of Rider.Backend.exe"        [_thread_in_native, id=54096, stack(0x000000d4ec000000,0x000000d4ec100000) (1024K)]
  0x000002abbd071070 JavaThread "PeriodicMetricReader"       daemon [_thread_blocked, id=61128, stack(0x000000d4ec100000,0x000000d4ec200000) (1024K)]
  0x000002abbd0727e0 JavaThread "Coroutines Debugger Cleaner" daemon [_thread_blocked, id=64236, stack(0x000000d4ec200000,0x000000d4ec300000) (1024K)]
  0x000002abbd07d3c0 JavaThread "Periodic tasks thread"      daemon [_thread_blocked, id=49608, stack(0x000000d4ec300000,0x000000d4ec400000) (1024K)]
  0x000002abb13f9d10 JavaThread "ApplicationImpl pooled thread 1"        [_thread_blocked, id=51440, stack(0x000000d4ec400000,0x000000d4ec500000) (1024K)]
  0x000002abb1406060 JavaThread "Netty Station Client 1-1"   daemon [_thread_in_native, id=61752, stack(0x000000d4ec800000,0x000000d4ec900000) (1024K)]
  0x000002abb1406830 JavaThread "Netty Station Server 1-1"   daemon [_thread_in_native, id=35424, stack(0x000000d4ec900000,0x000000d4eca00000) (1024K)]
  0x000002ac3970b170 JavaThread "fsnotifier.exe"                    [_thread_in_native, id=5448, stack(0x000000d4ecb00000,0x000000d4ecc00000) (1024K)]
  0x000002ac3970a1d0 JavaThread "BaseDataReader: output stream of fsnotifier.exe"        [_thread_in_native, id=67788, stack(0x000000d4ecc00000,0x000000d4ecd00000) (1024K)]
  0x000002ac39709a00 JavaThread "BaseDataReader: error stream of fsnotifier.exe"        [_thread_in_native, id=43968, stack(0x000000d4ecd00000,0x000000d4ece00000) (1024K)]
  0x000002ac397145e0 JavaThread "DefaultDispatcher-worker-45" daemon [_thread_blocked, id=58664, stack(0x000000d4ece00000,0x000000d4ecf00000) (1024K)]
  0x000002ac39714db0 JavaThread "DefaultDispatcher-worker-46" daemon [_thread_blocked, id=5380, stack(0x000000d4ecf00000,0x000000d4ed000000) (1024K)]
  0x000002ac39715d50 JavaThread "DefaultDispatcher-worker-47" daemon [_thread_blocked, id=18844, stack(0x000000d4ed000000,0x000000d4ed100000) (1024K)]
  0x000002ac39716520 JavaThread "DefaultDispatcher-worker-50" daemon [_thread_blocked, id=63232, stack(0x000000d4ed100000,0x000000d4ed200000) (1024K)]
  0x000002ac39712e70 JavaThread "DefaultDispatcher-worker-51" daemon [_thread_blocked, id=69428, stack(0x000000d4ed200000,0x000000d4ed300000) (1024K)]
  0x000002ac39713640 JavaThread "DefaultDispatcher-worker-49" daemon [_thread_blocked, id=43412, stack(0x000000d4ed300000,0x000000d4ed400000) (1024K)]
  0x000002ac3971a3a0 JavaThread "DefaultDispatcher-worker-48" daemon [_thread_blocked, id=33592, stack(0x000000d4ed400000,0x000000d4ed500000) (1024K)]
  0x000002ac3971ab70 JavaThread "DefaultDispatcher-worker-52" daemon [_thread_blocked, id=47968, stack(0x000000d4ed500000,0x000000d4ed600000) (1024K)]
  0x000002ac39722870 JavaThread "DefaultDispatcher-worker-53" daemon [_thread_in_native, id=34376, stack(0x000000d4ed600000,0x000000d4ed700000) (1024K)]
  0x000002ac4172ae60 JavaThread "DefaultDispatcher-worker-57" daemon [_thread_blocked, id=44760, stack(0x000000d4ed700000,0x000000d4ed800000) (1024K)]
  0x000002ac4172a690 JavaThread "DefaultDispatcher-worker-60" daemon [_thread_blocked, id=34268, stack(0x000000d4ed800000,0x000000d4ed900000) (1024K)]
  0x000002ac4172b630 JavaThread "DefaultDispatcher-worker-56" daemon [_thread_blocked, id=47724, stack(0x000000d4ed900000,0x000000d4eda00000) (1024K)]
  0x000002ac41728f20 JavaThread "DefaultDispatcher-worker-54" daemon [_thread_blocked, id=49848, stack(0x000000d4eda00000,0x000000d4edb00000) (1024K)]
  0x000002ac4172be00 JavaThread "DefaultDispatcher-worker-63" daemon [_thread_blocked, id=33596, stack(0x000000d4edb00000,0x000000d4edc00000) (1024K)]
  0x000002ac417296f0 JavaThread "DefaultDispatcher-worker-59" daemon [_thread_blocked, id=33716, stack(0x000000d4edc00000,0x000000d4edd00000) (1024K)]
  0x000002ac4172cda0 JavaThread "DefaultDispatcher-worker-55" daemon [_thread_blocked, id=53872, stack(0x000000d4edd00000,0x000000d4ede00000) (1024K)]
  0x000002ac4172dd40 JavaThread "DefaultDispatcher-worker-61" daemon [_thread_blocked, id=17776, stack(0x000000d4ede00000,0x000000d4edf00000) (1024K)]
  0x000002ac4172f4b0 JavaThread "DefaultDispatcher-worker-62" daemon [_thread_blocked, id=72264, stack(0x000000d4edf00000,0x000000d4ee000000) (1024K)]
  0x000002ac4172c5d0 JavaThread "DefaultDispatcher-worker-58" daemon [_thread_blocked, id=27084, stack(0x000000d4ee000000,0x000000d4ee100000) (1024K)]
  0x000002ac41730450 JavaThread "DefaultDispatcher-worker-64" daemon [_thread_blocked, id=32852, stack(0x000000d4ee100000,0x000000d4ee200000) (1024K)]
  0x000002ac417342d0 JavaThread "DefaultDispatcher-worker-65" daemon [_thread_blocked, id=63360, stack(0x000000d4ee200000,0x000000d4ee300000) (1024K)]
  0x000002ac41730c20 JavaThread "DefaultDispatcher-worker-68" daemon [_thread_blocked, id=69720, stack(0x000000d4ee300000,0x000000d4ee400000) (1024K)]
  0x000002ac41735270 JavaThread "DefaultDispatcher-worker-67" daemon [_thread_blocked, id=75344, stack(0x000000d4ee400000,0x000000d4ee500000) (1024K)]
  0x000002ac417371b0 JavaThread "DefaultDispatcher-worker-66" daemon [_thread_blocked, id=23348, stack(0x000000d4ee500000,0x000000d4ee600000) (1024K)]
  0x000002ac4173b030 JavaThread "JNA Cleaner"                daemon [_thread_blocked, id=44976, stack(0x000000d4ee600000,0x000000d4ee700000) (1024K)]
  0x000002ac4173f680 JavaThread "DefaultDispatcher-worker-69" daemon [_thread_blocked, id=68224, stack(0x000000d4ee800000,0x000000d4ee900000) (1024K)]
  0x000002ac41743cd0 JavaThread "DefaultDispatcher-worker-70" daemon [_thread_blocked, id=41968, stack(0x000000d4ee900000,0x000000d4eea00000) (1024K)]
  0x000002ac41743500 JavaThread "DefaultDispatcher-worker-71" daemon [_thread_blocked, id=68188, stack(0x000000d4eea00000,0x000000d4eeb00000) (1024K)]
  0x000002ac41745440 JavaThread "DefaultDispatcher-worker-74" daemon [_thread_blocked, id=68632, stack(0x000000d4eeb00000,0x000000d4eec00000) (1024K)]
  0x000002ac417463e0 JavaThread "DefaultDispatcher-worker-73" daemon [_thread_blocked, id=73140, stack(0x000000d4eec00000,0x000000d4eed00000) (1024K)]
  0x000002ac41746bb0 JavaThread "DefaultDispatcher-worker-72" daemon [_thread_blocked, id=33888, stack(0x000000d4eed00000,0x000000d4eee00000) (1024K)]
  0x000002ac6311b550 JavaThread "DefaultDispatcher-worker-75" daemon [_thread_blocked, id=75760, stack(0x000000d4eee00000,0x000000d4eef00000) (1024K)]
  0x000002ac6311a5b0 JavaThread "DefaultDispatcher-worker-76" daemon [_thread_blocked, id=75556, stack(0x000000d4eef00000,0x000000d4ef000000) (1024K)]
  0x000002ac6311ad80 JavaThread "DefaultDispatcher-worker-77" daemon [_thread_blocked, id=6708, stack(0x000000d4ef000000,0x000000d4ef100000) (1024K)]
  0x000002ac6311c4f0 JavaThread "DefaultDispatcher-worker-78" daemon [_thread_blocked, id=51792, stack(0x000000d4ef100000,0x000000d4ef200000) (1024K)]
  0x000002ac6311d490 JavaThread "DefaultDispatcher-worker-79" daemon [_thread_blocked, id=34688, stack(0x000000d4ef200000,0x000000d4ef300000) (1024K)]
  0x000002ac6311e430 JavaThread "DefaultDispatcher-worker-80" daemon [_thread_blocked, id=47720, stack(0x000000d4ef300000,0x000000d4ef400000) (1024K)]
  0x000002ac631222b0 JavaThread "DefaultDispatcher-worker-81" daemon [_thread_blocked, id=72840, stack(0x000000d4ef400000,0x000000d4ef500000) (1024K)]
  0x000002ac63121ae0 JavaThread "DefaultDispatcher-worker-82" daemon [_thread_blocked, id=70264, stack(0x000000d4ef500000,0x000000d4ef600000) (1024K)]
  0x000002ac63120b40 JavaThread "DefaultDispatcher-worker-83" daemon [_thread_blocked, id=50524, stack(0x000000d4ef600000,0x000000d4ef700000) (1024K)]
  0x000002ac6311f3d0 JavaThread "DefaultDispatcher-worker-84" daemon [_thread_blocked, id=51220, stack(0x000000d4ef700000,0x000000d4ef800000) (1024K)]
  0x000002ac63123250 JavaThread "DefaultDispatcher-worker-85" daemon [_thread_blocked, id=33312, stack(0x000000d4ef800000,0x000000d4ef900000) (1024K)]
  0x000002ac631241f0 JavaThread "Windows Shell integration"  daemon [_thread_blocked, id=74224, stack(0x000000d4ef900000,0x000000d4efa00000) (1024K)]
  0x000002ac63131cb0 JavaThread "Reference Cleaner"          daemon [_thread_blocked, id=25160, stack(0x000000d4efc00000,0x000000d4efd00000) (1024K)]
  0x000002ac6312fd70 JavaThread "Netty Builtin Server 1"     daemon [_thread_in_native, id=36592, stack(0x000000d4efd00000,0x000000d4efe00000) (1024K)]
  0x000002ac681791f0 JavaThread "I/O pool 7"                        [_thread_blocked, id=46872, stack(0x000000d4efe00000,0x000000d4eff00000) (1024K)]
  0x000002ac681799c0 JavaThread "Netty Station Client 1-2"   daemon [_thread_in_native, id=27600, stack(0x000000d4eff00000,0x000000d4f0000000) (1024K)]
  0x000002ac6817e7e0 JavaThread "ApplicationImpl pooled thread 2"        [_thread_blocked, id=70016, stack(0x000000d4f0100000,0x000000d4f0200000) (1024K)]
  0x000002ac68182e30 JavaThread "ApplicationImpl pooled thread 3"        [_thread_blocked, id=63984, stack(0x000000d4f0200000,0x000000d4f0300000) (1024K)]
  0x000002ac68181e90 JavaThread "ApplicationImpl pooled thread 4"        [_thread_blocked, id=31140, stack(0x000000d4f0300000,0x000000d4f0400000) (1024K)]
  0x000002ac68177a80 JavaThread "process reaper"             daemon [_thread_blocked, id=71136, stack(0x000000d4e5570000,0x000000d4e5590000) (128K)]
  0x000002ac68182660 JavaThread "ApplicationImpl pooled thread 5"        [_thread_blocked, id=64588, stack(0x000000d4f0000000,0x000000d4f0100000) (1024K)]
  0x000002ac6818f950 JavaThread "TimerQueue"                 daemon [_thread_blocked, id=74028, stack(0x000000d4f0400000,0x000000d4f0500000) (1024K)]
  0x000002ac681908f0 JavaThread "I/O pool 8"                        [_thread_blocked, id=3272, stack(0x000000d4f0500000,0x000000d4f0600000) (1024K)]
  0x000002ac6818d240 JavaThread "I/O pool 9"                        [_thread_blocked, id=67724, stack(0x000000d4f0600000,0x000000d4f0700000) (1024K)]
  0x000002ac681910c0 JavaThread "ApplicationImpl pooled thread 6"        [_thread_blocked, id=20692, stack(0x000000d4f0700000,0x000000d4f0800000) (1024K)]
  0x000002ac68192060 JavaThread "ApplicationImpl pooled thread 7"        [_thread_blocked, id=62980, stack(0x000000d4f0800000,0x000000d4f0900000) (1024K)]
  0x000002ac68193fa0 JavaThread "ApplicationImpl pooled thread 8"        [_thread_blocked, id=32816, stack(0x000000d4f0900000,0x000000d4f0a00000) (1024K)]
  0x000002abbd077dd0 JavaThread "ApplicationImpl pooled thread 9"        [_thread_blocked, id=49472, stack(0x000000d4f0a00000,0x000000d4f0b00000) (1024K)]
  0x000002ac6ca88a20 JavaThread "ApplicationImpl pooled thread 10"        [_thread_blocked, id=47736, stack(0x000000d4f0b00000,0x000000d4f0c00000) (1024K)]
  0x000002ac6ca8efb0 JavaThread "Jndi-Dns-address-change-listener" daemon [_thread_in_native, id=53184, stack(0x000000d4f0d00000,0x000000d4f0e00000) (1024K)]
  0x000002ac6ca91e90 JavaThread "JobScheduler FJ pool 0/31"  daemon [_thread_blocked, id=70688, stack(0x000000d4f0e00000,0x000000d4f0f00000) (1024K)]
  0x000002ac6ca92660 JavaThread "JobScheduler FJ pool 1/31"  daemon [_thread_blocked, id=15076, stack(0x000000d4f0f00000,0x000000d4f1000000) (1024K)]
  0x000002ac6ca71af0 JavaThread "pool-4-thread-1"                   [_thread_blocked, id=45448, stack(0x000000d4f1200000,0x000000d4f1300000) (1024K)]
  0x000002ac6ca722c0 JavaThread "BackgroundScheduler"        daemon [_thread_blocked, id=71020, stack(0x000000d4f1300000,0x000000d4f1400000) (1024K)]
  0x000002ac6ca7b730 JavaThread "Keep-Alive-Timer"           daemon [_thread_blocked, id=40340, stack(0x000000d4f1400000,0x000000d4f1500000) (1024K)]
  0x000002ac775f44c0 JavaThread "Cleaner-0"                  daemon [_thread_blocked, id=70184, stack(0x000000d4f1700000,0x000000d4f1800000) (1024K)]
  0x000002ac77617f10 JavaThread "WorkspaceModelUpdater"      daemon [_thread_in_Java, id=56944, stack(0x000000d4f1000000,0x000000d4f1100000) (1024K)]
  0x000002ac77620bb0 JavaThread "KiloCode-IO"                daemon [_thread_blocked, id=5976, stack(0x000000d4f1800000,0x000000d4f1900000) (1024K)]
  0x000002ac776280e0 JavaThread "ExtensionSocketServer"      daemon [_thread_blocked, id=58472, stack(0x000000d4f1900000,0x000000d4f1a00000) (1024K)]
  0x000002ac7762a020 JavaThread "ExtensionProcessMonitor"    daemon [_thread_in_native, id=71108, stack(0x000000d4f1a00000,0x000000d4f1b00000) (1024K)]
  0x000002ac77627140 JavaThread "ExtensionProcessLogger"     daemon [_thread_in_native, id=52900, stack(0x000000d4f1b00000,0x000000d4f1c00000) (1024K)]
  0x000002aba901f540 JavaThread "LoadEstimator"              daemon [_thread_blocked, id=75244, stack(0x000000d4f1c00000,0x000000d4f1d00000) (1024K)]
  0x000002abfb478130 JavaThread "NodeSocket-Receiver-extension-host" daemon [_thread_in_native, id=7040, stack(0x000000d4f1d00000,0x000000d4f1e00000) (1024K)]
  0x000002abfb4761f0 JavaThread "Timer-1"                           [_thread_blocked, id=8112, stack(0x000000d4f1e00000,0x000000d4f1f00000) (1024K)]
  0x000002abfb474a80 JavaThread "Timer-0"                           [_thread_blocked, id=44480, stack(0x000000d4f1f00000,0x000000d4f2000000) (1024K)]
  0x000002abfb480600 JavaThread "Timer-2"                           [_thread_blocked, id=50760, stack(0x000000d4f2000000,0x000000d4f2100000) (1024K)]
  0x000002abfb491770 JavaThread "HandlingStartupEventsContext" daemon [_thread_blocked, id=61156, stack(0x000000d4f2100000,0x000000d4f2200000) (1024K)]
  0x000002abfb4b03a0 JavaThread "I/O pool 10"                       [_thread_blocked, id=70244, stack(0x000000d4f2200000,0x000000d4f2300000) (1024K)]
  0x000002aba901d600 JavaThread "I/O pool 11"                       [_thread_blocked, id=67640, stack(0x000000d4f2300000,0x000000d4f2400000) (1024K)]
  0x000002ac776232c0 JavaThread "I/O pool 12"                       [_thread_blocked, id=69132, stack(0x000000d4f2400000,0x000000d4f2500000) (1024K)]
  0x000002ac852bad50 JavaThread "JVMResponsivenessMonitor"   daemon [_thread_blocked, id=69444, stack(0x000000d4f2500000,0x000000d4f2600000) (1024K)]
Total: 159

Other Threads:
  0x000002abf300a120 VMThread "VM Thread"                           [id=40568, stack(0x000000d4e6400000,0x000000d4e6500000) (1024K)]
  0x000002abf2f35910 WatcherThread "VM Periodic Task Thread"        [id=20900, stack(0x000000d4e6300000,0x000000d4e6400000) (1024K)]
  0x000002abf2e519e0 WorkerThread "GC Thread#0"                     [id=56468, stack(0x000000d4e5e00000,0x000000d4e5f00000) (1024K)]
  0x000002abfb633560 WorkerThread "GC Thread#1"                     [id=32792, stack(0x000000d4e6e00000,0x000000d4e6f00000) (1024K)]
  0x000002aba59f35b0 WorkerThread "GC Thread#2"                     [id=64752, stack(0x000000d4e6f00000,0x000000d4e7000000) (1024K)]
  0x000002abfb7f8fd0 WorkerThread "GC Thread#3"                     [id=64152, stack(0x000000d4e7000000,0x000000d4e7100000) (1024K)]
  0x000002aba597e590 WorkerThread "GC Thread#4"                     [id=42692, stack(0x000000d4e7100000,0x000000d4e7200000) (1024K)]
  0x000002aba597f9e0 WorkerThread "GC Thread#5"                     [id=70624, stack(0x000000d4e7200000,0x000000d4e7300000) (1024K)]
  0x000002aba654a220 WorkerThread "GC Thread#6"                     [id=74264, stack(0x000000d4e8a00000,0x000000d4e8b00000) (1024K)]
  0x000002aba654aac0 WorkerThread "GC Thread#7"                     [id=37652, stack(0x000000d4e8b00000,0x000000d4e8c00000) (1024K)]
  0x000002aba6546e60 WorkerThread "GC Thread#8"                     [id=35608, stack(0x000000d4e8c00000,0x000000d4e8d00000) (1024K)]
  0x000002aba654af10 WorkerThread "GC Thread#9"                     [id=74324, stack(0x000000d4e8d00000,0x000000d4e8e00000) (1024K)]
  0x000002aba65472b0 WorkerThread "GC Thread#10"                    [id=68856, stack(0x000000d4e8e00000,0x000000d4e8f00000) (1024K)]
  0x000002aba8d2fd40 WorkerThread "GC Thread#11"                    [id=65968, stack(0x000000d4eb500000,0x000000d4eb600000) (1024K)]
  0x000002aba8d2c0e0 WorkerThread "GC Thread#12"                    [id=29676, stack(0x000000d4eb600000,0x000000d4eb700000) (1024K)]
  0x000002aba8d30a30 WorkerThread "GC Thread#13"                    [id=10980, stack(0x000000d4eb700000,0x000000d4eb800000) (1024K)]
  0x000002aba8d30190 WorkerThread "GC Thread#14"                    [id=42960, stack(0x000000d4eb800000,0x000000d4eb900000) (1024K)]
  0x000002aba8d31fc0 WorkerThread "GC Thread#15"                    [id=38292, stack(0x000000d4eb900000,0x000000d4eba00000) (1024K)]
  0x000002aba8d32860 WorkerThread "GC Thread#16"                    [id=72340, stack(0x000000d4eba00000,0x000000d4ebb00000) (1024K)]
  0x000002aba8d31720 WorkerThread "GC Thread#17"                    [id=33564, stack(0x000000d4ebb00000,0x000000d4ebc00000) (1024K)]
  0x000002aba8d305e0 WorkerThread "GC Thread#18"                    [id=71640, stack(0x000000d4ebc00000,0x000000d4ebd00000) (1024K)]
  0x000002aba8d32cb0 WorkerThread "GC Thread#19"                    [id=66208, stack(0x000000d4ebd00000,0x000000d4ebe00000) (1024K)]
  0x000002abbdbe00d0 WorkerThread "GC Thread#20"                    [id=71200, stack(0x000000d4ec500000,0x000000d4ec600000) (1024K)]
  0x000002abbdbe0970 WorkerThread "GC Thread#21"                    [id=47396, stack(0x000000d4ec600000,0x000000d4ec700000) (1024K)]
  0x000002ac38cc8f50 WorkerThread "GC Thread#22"                    [id=35224, stack(0x000000d4ec700000,0x000000d4ec800000) (1024K)]
  0x000002abf2e55fe0 ConcurrentGCThread "G1 Main Marker"            [id=42288, stack(0x000000d4e5f00000,0x000000d4e6000000) (1024K)]
  0x000002abcaa2e090 WorkerThread "G1 Conc#0"                       [id=68992, stack(0x000000d4e6000000,0x000000d4e6100000) (1024K)]
  0x000002aba654c050 WorkerThread "G1 Conc#1"                       [id=55288, stack(0x000000d4e8f00000,0x000000d4e9000000) (1024K)]
  0x000002aba654b360 WorkerThread "G1 Conc#2"                       [id=46356, stack(0x000000d4e9000000,0x000000d4e9100000) (1024K)]
  0x000002aba654b7b0 WorkerThread "G1 Conc#3"                       [id=34984, stack(0x000000d4e9100000,0x000000d4e9200000) (1024K)]
  0x000002aba654bc00 WorkerThread "G1 Conc#4"                       [id=44908, stack(0x000000d4e9200000,0x000000d4e9300000) (1024K)]
  0x000002aba654c4a0 WorkerThread "G1 Conc#5"                       [id=28136, stack(0x000000d4e9300000,0x000000d4e9400000) (1024K)]
  0x000002abf2f188e0 ConcurrentGCThread "G1 Refine#0"               [id=15392, stack(0x000000d4e6100000,0x000000d4e6200000) (1024K)]
  0x000002abf2f194f0 ConcurrentGCThread "G1 Service"                [id=42036, stack(0x000000d4e6200000,0x000000d4e6300000) (1024K)]
Total: 34

Threads with active compile tasks:
C2 CompilerThread0  18650 22763       4       org.apache.lucene.analysis.hunspell.WordStorage$Builder::flushGroup (511 bytes)
C1 CompilerThread0  18650 23055       2       com.intellij.platform.workspace.storage.impl.ModifiableWorkspaceEntityBase::<init> (63 bytes)
Total: 2

VM state: not at safepoint (normal execution)

VM Mutex/Monitor currently owned by a thread: None

Heap address: 0x0000000080000000, size: 2048 MB, Compressed Oops mode: 32-bit

CDS archive(s) mapped at: [0x000000001a000000-0x000000001bcd0000-0x000000001bcd0000), size 30212096, SharedBaseAddress: 0x000000001a000000, ArchiveRelocationMode: 1.
Compressed class space mapped at: 0x000000001c000000-0x000000005c000000, reserved size: 1073741824
UseCompressedClassPointers 1, UseCompactObjectHeaders 0
Narrow klass pointer bits 32, Max shift 3
Narrow klass base: 0x000000001a000000, Narrow klass shift: 0
Encoding Range: [0x000000001a000000 - 0x000000011a000000), (4294967296 bytes)
Klass Range:    [0x000000001a010000 - 0x000000005c000000), (1107230720 bytes)
Klass ID Range:  [65536 - 1107296249) (1107230713)
Protection zone: [0x000000001a000000 - 0x000000001a010000), (65536 bytes)

GC Precious Log:
 CardTable entry size: 512
 Card Set container configuration: InlinePtr #cards 5 size 8 Array Of Cards #cards 10 size 36 Howl #buckets 4 coarsen threshold 1843 Howl Bitmap #cards 512 size 80 coarsen threshold 460 Card regions per heap region 1 cards per card region 2048
 CPUs: 32 total, 32 available
 Memory: 15548M
 Large Page Support: Disabled
 NUMA Support: Disabled
 Compressed Oops: Enabled (32-bit)
 Heap Region Size: 1M
 Heap Min Capacity: 256M
 Heap Initial Capacity: 256M
 Heap Max Capacity: 2G
 Pre-touch: Disabled
 Parallel Workers: 23
 Concurrent Workers: 6
 Concurrent Refinement Workers: 23
 Periodic GC: Disabled

Heap:
 garbage-first heap   total reserved 2097152K, committed 529408K, used 412564K [0x0000000080000000, 0x0000000100000000)
  region size 1024K, 75 young (76800K), 4 survivors (4096K)

Heap Regions: E=young(eden), S=young(survivor), O=old, HS=humongous(starts), HC=humongous(continues), CS=collection set, F=free, TAMS=top-at-mark-start, PB=parsable bottom
|   0|0x0000000080000000, 0x0000000080100000, 0x0000000080100000|100%| O|  |TAMS 0x0000000080000000| PB 0x0000000080000000| Untracked |  0
|   1|0x0000000080100000, 0x0000000080200000, 0x0000000080200000|100%| O|  |TAMS 0x0000000080100000| PB 0x0000000080100000| Untracked |  0
|   2|0x0000000080200000, 0x0000000080300000, 0x0000000080300000|100%| O|  |TAMS 0x0000000080200000| PB 0x0000000080200000| Untracked |  0
|   3|0x0000000080300000, 0x0000000080400000, 0x0000000080400000|100%| O|  |TAMS 0x0000000080300000| PB 0x0000000080300000| Untracked |  0
|   4|0x0000000080400000, 0x0000000080500000, 0x0000000080500000|100%| O|  |TAMS 0x0000000080400000| PB 0x0000000080400000| Untracked |  0
|   5|0x0000000080500000, 0x0000000080600000, 0x0000000080600000|100%| O|  |TAMS 0x0000000080500000| PB 0x0000000080500000| Untracked |  0
|   6|0x0000000080600000, 0x0000000080700000, 0x0000000080700000|100%| O|  |TAMS 0x0000000080600000| PB 0x0000000080600000| Untracked |  0
|   7|0x0000000080700000, 0x0000000080800000, 0x0000000080800000|100%| O|  |TAMS 0x0000000080700000| PB 0x0000000080700000| Untracked |  0
|   8|0x0000000080800000, 0x0000000080900000, 0x0000000080900000|100%| O|  |TAMS 0x0000000080800000| PB 0x0000000080800000| Untracked |  0
|   9|0x0000000080900000, 0x0000000080a00000, 0x0000000080a00000|100%| O|  |TAMS 0x0000000080900000| PB 0x0000000080900000| Untracked |  0
|  10|0x0000000080a00000, 0x0000000080b00000, 0x0000000080b00000|100%| O|  |TAMS 0x0000000080a00000| PB 0x0000000080a00000| Untracked |  0
|  11|0x0000000080b00000, 0x0000000080c00000, 0x0000000080c00000|100%|HS|  |TAMS 0x0000000080b00000| PB 0x0000000080b00000| Complete |  0
|  12|0x0000000080c00000, 0x0000000080d00000, 0x0000000080d00000|100%| O|  |TAMS 0x0000000080c00000| PB 0x0000000080c00000| Untracked |  0
|  13|0x0000000080d00000, 0x0000000080e00000, 0x0000000080e00000|100%| O|  |TAMS 0x0000000080d00000| PB 0x0000000080d00000| Untracked |  0
|  14|0x0000000080e00000, 0x0000000080f00000, 0x0000000080f00000|100%| O|  |TAMS 0x0000000080e00000| PB 0x0000000080e00000| Untracked |  0
|  15|0x0000000080f00000, 0x0000000081000000, 0x0000000081000000|100%| O|  |TAMS 0x0000000080f00000| PB 0x0000000080f00000| Untracked |  0
|  16|0x0000000081000000, 0x0000000081100000, 0x0000000081100000|100%| O|  |TAMS 0x0000000081000000| PB 0x0000000081000000| Untracked |  0
|  17|0x0000000081100000, 0x0000000081200000, 0x0000000081200000|100%| O|  |TAMS 0x0000000081100000| PB 0x0000000081100000| Untracked |  0
|  18|0x0000000081200000, 0x0000000081300000, 0x0000000081300000|100%| O|  |TAMS 0x0000000081200000| PB 0x0000000081200000| Untracked |  0
|  19|0x0000000081300000, 0x0000000081400000, 0x0000000081400000|100%| O|  |TAMS 0x0000000081300000| PB 0x0000000081300000| Untracked |  0
|  20|0x0000000081400000, 0x0000000081500000, 0x0000000081500000|100%| O|  |TAMS 0x0000000081400000| PB 0x0000000081400000| Untracked |  0
|  21|0x0000000081500000, 0x0000000081600000, 0x0000000081600000|100%| O|  |TAMS 0x0000000081500000| PB 0x0000000081500000| Untracked |  0
|  22|0x0000000081600000, 0x0000000081700000, 0x0000000081700000|100%| O|  |TAMS 0x0000000081600000| PB 0x0000000081600000| Untracked |  0
|  23|0x0000000081700000, 0x0000000081800000, 0x0000000081800000|100%| O|  |TAMS 0x0000000081700000| PB 0x0000000081700000| Untracked |  0
|  24|0x0000000081800000, 0x0000000081900000, 0x0000000081900000|100%| O|  |TAMS 0x0000000081800000| PB 0x0000000081800000| Untracked |  0
|  25|0x0000000081900000, 0x0000000081a00000, 0x0000000081a00000|100%| O|  |TAMS 0x0000000081900000| PB 0x0000000081900000| Untracked |  0
|  26|0x0000000081a00000, 0x0000000081b00000, 0x0000000081b00000|100%| O|  |TAMS 0x0000000081a00000| PB 0x0000000081a00000| Untracked |  0
|  27|0x0000000081b00000, 0x0000000081c00000, 0x0000000081c00000|100%| O|  |TAMS 0x0000000081b00000| PB 0x0000000081b00000| Untracked |  0
|  28|0x0000000081c00000, 0x0000000081d00000, 0x0000000081d00000|100%| O|  |TAMS 0x0000000081c00000| PB 0x0000000081c00000| Untracked |  0
|  29|0x0000000081d00000, 0x0000000081e00000, 0x0000000081e00000|100%| O|  |TAMS 0x0000000081d00000| PB 0x0000000081d00000| Untracked |  0
|  30|0x0000000081e00000, 0x0000000081f00000, 0x0000000081f00000|100%| O|  |TAMS 0x0000000081e00000| PB 0x0000000081e00000| Untracked |  0
|  31|0x0000000081f00000, 0x0000000082000000, 0x0000000082000000|100%| O|  |TAMS 0x0000000081f00000| PB 0x0000000081f00000| Untracked |  0
|  32|0x0000000082000000, 0x0000000082100000, 0x0000000082100000|100%| O|  |TAMS 0x0000000082000000| PB 0x0000000082000000| Untracked |  0
|  33|0x0000000082100000, 0x0000000082200000, 0x0000000082200000|100%| O|  |TAMS 0x0000000082100000| PB 0x0000000082100000| Untracked |  0
|  34|0x0000000082200000, 0x0000000082300000, 0x0000000082300000|100%| O|  |TAMS 0x0000000082200000| PB 0x0000000082200000| Untracked |  0
|  35|0x0000000082300000, 0x0000000082400000, 0x0000000082400000|100%| O|  |TAMS 0x0000000082300000| PB 0x0000000082300000| Untracked |  0
|  36|0x0000000082400000, 0x0000000082500000, 0x0000000082500000|100%| O|  |TAMS 0x0000000082400000| PB 0x0000000082400000| Untracked |  0
|  37|0x0000000082500000, 0x0000000082600000, 0x0000000082600000|100%| O|  |TAMS 0x0000000082500000| PB 0x0000000082500000| Untracked |  0
|  38|0x0000000082600000, 0x0000000082700000, 0x0000000082700000|100%| O|  |TAMS 0x0000000082600000| PB 0x0000000082600000| Untracked |  0
|  39|0x0000000082700000, 0x0000000082800000, 0x0000000082800000|100%| O|  |TAMS 0x0000000082700000| PB 0x0000000082700000| Untracked |  0
|  40|0x0000000082800000, 0x0000000082900000, 0x0000000082900000|100%| O|  |TAMS 0x0000000082800000| PB 0x0000000082800000| Untracked |  0
|  41|0x0000000082900000, 0x0000000082a00000, 0x0000000082a00000|100%| O|  |TAMS 0x0000000082900000| PB 0x0000000082900000| Untracked |  0
|  42|0x0000000082a00000, 0x0000000082b00000, 0x0000000082b00000|100%| O|  |TAMS 0x0000000082a00000| PB 0x0000000082a00000| Untracked |  0
|  43|0x0000000082b00000, 0x0000000082c00000, 0x0000000082c00000|100%| O|  |TAMS 0x0000000082b00000| PB 0x0000000082b00000| Untracked |  0
|  44|0x0000000082c00000, 0x0000000082d00000, 0x0000000082d00000|100%| O|  |TAMS 0x0000000082c00000| PB 0x0000000082c00000| Untracked |  0
|  45|0x0000000082d00000, 0x0000000082e00000, 0x0000000082e00000|100%| O|  |TAMS 0x0000000082d00000| PB 0x0000000082d00000| Untracked |  0
|  46|0x0000000082e00000, 0x0000000082f00000, 0x0000000082f00000|100%|HS|  |TAMS 0x0000000082e00000| PB 0x0000000082e00000| Complete |  0
|  47|0x0000000082f00000, 0x0000000083000000, 0x0000000083000000|100%|HC|  |TAMS 0x0000000082f00000| PB 0x0000000082f00000| Complete |  0
|  48|0x0000000083000000, 0x0000000083100000, 0x0000000083100000|100%|HC|  |TAMS 0x0000000083000000| PB 0x0000000083000000| Complete |  0
|  49|0x0000000083100000, 0x0000000083200000, 0x0000000083200000|100%| O|  |TAMS 0x0000000083100000| PB 0x0000000083100000| Untracked |  0
|  50|0x0000000083200000, 0x0000000083300000, 0x0000000083300000|100%| O|  |TAMS 0x0000000083200000| PB 0x0000000083200000| Untracked |  0
|  51|0x0000000083300000, 0x0000000083400000, 0x0000000083400000|100%| O|  |TAMS 0x0000000083300000| PB 0x0000000083300000| Untracked |  0
|  52|0x0000000083400000, 0x0000000083500000, 0x0000000083500000|100%| O|  |TAMS 0x0000000083400000| PB 0x0000000083400000| Untracked |  0
|  53|0x0000000083500000, 0x0000000083600000, 0x0000000083600000|100%| O|  |TAMS 0x0000000083500000| PB 0x0000000083500000| Untracked |  0
|  54|0x0000000083600000, 0x0000000083700000, 0x0000000083700000|100%| O|  |TAMS 0x0000000083600000| PB 0x0000000083600000| Untracked |  0
|  55|0x0000000083700000, 0x0000000083800000, 0x0000000083800000|100%| O|  |TAMS 0x0000000083700000| PB 0x0000000083700000| Untracked |  0
|  56|0x0000000083800000, 0x0000000083900000, 0x0000000083900000|100%| O|  |TAMS 0x0000000083800000| PB 0x0000000083800000| Untracked |  0
|  57|0x0000000083900000, 0x0000000083a00000, 0x0000000083a00000|100%| O|  |TAMS 0x0000000083900000| PB 0x0000000083900000| Untracked |  0
|  58|0x0000000083a00000, 0x0000000083b00000, 0x0000000083b00000|100%| O|  |TAMS 0x0000000083a00000| PB 0x0000000083a00000| Untracked |  0
|  59|0x0000000083b00000, 0x0000000083c00000, 0x0000000083c00000|100%| O|  |TAMS 0x0000000083b00000| PB 0x0000000083b00000| Untracked |  0
|  60|0x0000000083c00000, 0x0000000083d00000, 0x0000000083d00000|100%| O|  |TAMS 0x0000000083c00000| PB 0x0000000083c00000| Untracked |  0
|  61|0x0000000083d00000, 0x0000000083e00000, 0x0000000083e00000|100%| O|  |TAMS 0x0000000083d00000| PB 0x0000000083d00000| Untracked |  0
|  62|0x0000000083e00000, 0x0000000083f00000, 0x0000000083f00000|100%| O|  |TAMS 0x0000000083e00000| PB 0x0000000083e00000| Untracked |  0
|  63|0x0000000083f00000, 0x0000000084000000, 0x0000000084000000|100%| O|  |TAMS 0x0000000083f00000| PB 0x0000000083f00000| Untracked |  0
|  64|0x0000000084000000, 0x0000000084100000, 0x0000000084100000|100%| O|  |TAMS 0x0000000084000000| PB 0x0000000084000000| Untracked |  0
|  65|0x0000000084100000, 0x0000000084200000, 0x0000000084200000|100%| O|  |TAMS 0x0000000084100000| PB 0x0000000084100000| Untracked |  0
|  66|0x0000000084200000, 0x0000000084300000, 0x0000000084300000|100%| O|  |TAMS 0x0000000084200000| PB 0x0000000084200000| Untracked |  0
|  67|0x0000000084300000, 0x0000000084400000, 0x0000000084400000|100%| O|  |TAMS 0x0000000084300000| PB 0x0000000084300000| Untracked |  0
|  68|0x0000000084400000, 0x0000000084500000, 0x0000000084500000|100%| O|  |TAMS 0x0000000084400000| PB 0x0000000084400000| Untracked |  0
|  69|0x0000000084500000, 0x0000000084600000, 0x0000000084600000|100%| O|  |TAMS 0x0000000084500000| PB 0x0000000084500000| Untracked |  0
|  70|0x0000000084600000, 0x0000000084700000, 0x0000000084700000|100%| O|  |TAMS 0x0000000084600000| PB 0x0000000084600000| Untracked |  0
|  71|0x0000000084700000, 0x0000000084800000, 0x0000000084800000|100%| O|  |TAMS 0x0000000084700000| PB 0x0000000084700000| Untracked |  0
|  72|0x0000000084800000, 0x0000000084900000, 0x0000000084900000|100%| O|  |TAMS 0x0000000084800000| PB 0x0000000084800000| Untracked |  0
|  73|0x0000000084900000, 0x0000000084a00000, 0x0000000084a00000|100%| O|  |TAMS 0x0000000084900000| PB 0x0000000084900000| Untracked |  0
|  74|0x0000000084a00000, 0x0000000084b00000, 0x0000000084b00000|100%| O|  |TAMS 0x0000000084a00000| PB 0x0000000084a00000| Untracked |  0
|  75|0x0000000084b00000, 0x0000000084c00000, 0x0000000084c00000|100%| O|  |TAMS 0x0000000084b00000| PB 0x0000000084b00000| Untracked |  0
|  76|0x0000000084c00000, 0x0000000084d00000, 0x0000000084d00000|100%| O|  |TAMS 0x0000000084c00000| PB 0x0000000084c00000| Untracked |  0
|  77|0x0000000084d00000, 0x0000000084e00000, 0x0000000084e00000|100%| O|  |TAMS 0x0000000084d00000| PB 0x0000000084d00000| Untracked |  0
|  78|0x0000000084e00000, 0x0000000084f00000, 0x0000000084f00000|100%| O|  |TAMS 0x0000000084e00000| PB 0x0000000084e00000| Untracked |  0
|  79|0x0000000084f00000, 0x0000000085000000, 0x0000000085000000|100%| O|  |TAMS 0x0000000084f00000| PB 0x0000000084f00000| Untracked |  0
|  80|0x0000000085000000, 0x0000000085100000, 0x0000000085100000|100%| O|  |TAMS 0x0000000085000000| PB 0x0000000085000000| Untracked |  0
|  81|0x0000000085100000, 0x0000000085200000, 0x0000000085200000|100%| O|  |TAMS 0x0000000085100000| PB 0x0000000085100000| Untracked |  0
|  82|0x0000000085200000, 0x0000000085300000, 0x0000000085300000|100%| O|  |TAMS 0x0000000085200000| PB 0x0000000085200000| Untracked |  0
|  83|0x0000000085300000, 0x0000000085400000, 0x0000000085400000|100%| O|  |TAMS 0x0000000085300000| PB 0x0000000085300000| Untracked |  0
|  84|0x0000000085400000, 0x0000000085500000, 0x0000000085500000|100%| O|  |TAMS 0x0000000085400000| PB 0x0000000085400000| Untracked |  0
|  85|0x0000000085500000, 0x0000000085600000, 0x0000000085600000|100%| O|  |TAMS 0x0000000085500000| PB 0x0000000085500000| Untracked |  0
|  86|0x0000000085600000, 0x0000000085700000, 0x0000000085700000|100%| O|  |TAMS 0x0000000085600000| PB 0x0000000085600000| Untracked |  0
|  87|0x0000000085700000, 0x0000000085800000, 0x0000000085800000|100%| O|  |TAMS 0x0000000085700000| PB 0x0000000085700000| Untracked |  0
|  88|0x0000000085800000, 0x0000000085900000, 0x0000000085900000|100%| O|  |TAMS 0x0000000085800000| PB 0x0000000085800000| Untracked |  0
|  89|0x0000000085900000, 0x0000000085a00000, 0x0000000085a00000|100%| O|  |TAMS 0x0000000085900000| PB 0x0000000085900000| Untracked |  0
|  90|0x0000000085a00000, 0x0000000085b00000, 0x0000000085b00000|100%| O|  |TAMS 0x0000000085a00000| PB 0x0000000085a00000| Untracked |  0
|  91|0x0000000085b00000, 0x0000000085c00000, 0x0000000085c00000|100%| O|  |TAMS 0x0000000085b00000| PB 0x0000000085b00000| Untracked |  0
|  92|0x0000000085c00000, 0x0000000085d00000, 0x0000000085d00000|100%| O|  |TAMS 0x0000000085c00000| PB 0x0000000085c00000| Untracked |  0
|  93|0x0000000085d00000, 0x0000000085e00000, 0x0000000085e00000|100%| O|  |TAMS 0x0000000085d00000| PB 0x0000000085d00000| Untracked |  0
|  94|0x0000000085e00000, 0x0000000085f00000, 0x0000000085f00000|100%| O|  |TAMS 0x0000000085e00000| PB 0x0000000085e00000| Untracked |  0
|  95|0x0000000085f00000, 0x0000000086000000, 0x0000000086000000|100%| O|  |TAMS 0x0000000085f00000| PB 0x0000000085f00000| Untracked |  0
|  96|0x0000000086000000, 0x0000000086100000, 0x0000000086100000|100%| O|  |TAMS 0x0000000086000000| PB 0x0000000086000000| Untracked |  0
|  97|0x0000000086100000, 0x0000000086200000, 0x0000000086200000|100%| O|  |TAMS 0x0000000086100000| PB 0x0000000086100000| Untracked |  0
|  98|0x0000000086200000, 0x0000000086300000, 0x0000000086300000|100%| O|  |TAMS 0x0000000086200000| PB 0x0000000086200000| Untracked |  0
|  99|0x0000000086300000, 0x0000000086400000, 0x0000000086400000|100%| O|  |TAMS 0x0000000086300000| PB 0x0000000086300000| Untracked |  0
| 100|0x0000000086400000, 0x0000000086500000, 0x0000000086500000|100%| O|  |TAMS 0x0000000086400000| PB 0x0000000086400000| Untracked |  0
| 101|0x0000000086500000, 0x0000000086600000, 0x0000000086600000|100%| O|  |TAMS 0x0000000086500000| PB 0x0000000086500000| Untracked |  0
| 102|0x0000000086600000, 0x0000000086700000, 0x0000000086700000|100%| O|  |TAMS 0x0000000086600000| PB 0x0000000086600000| Untracked |  0
| 103|0x0000000086700000, 0x0000000086800000, 0x0000000086800000|100%| O|  |TAMS 0x0000000086700000| PB 0x0000000086700000| Untracked |  0
| 104|0x0000000086800000, 0x0000000086900000, 0x0000000086900000|100%| O|  |TAMS 0x0000000086800000| PB 0x0000000086800000| Untracked |  0
| 105|0x0000000086900000, 0x0000000086a00000, 0x0000000086a00000|100%| O|  |TAMS 0x0000000086900000| PB 0x0000000086900000| Untracked |  0
| 106|0x0000000086a00000, 0x0000000086b00000, 0x0000000086b00000|100%| O|  |TAMS 0x0000000086a00000| PB 0x0000000086a00000| Untracked |  0
| 107|0x0000000086b00000, 0x0000000086c00000, 0x0000000086c00000|100%| O|  |TAMS 0x0000000086b00000| PB 0x0000000086b00000| Untracked |  0
| 108|0x0000000086c00000, 0x0000000086d00000, 0x0000000086d00000|100%| O|  |TAMS 0x0000000086c00000| PB 0x0000000086c00000| Untracked |  0
| 109|0x0000000086d00000, 0x0000000086e00000, 0x0000000086e00000|100%| O|  |TAMS 0x0000000086d00000| PB 0x0000000086d00000| Untracked |  0
| 110|0x0000000086e00000, 0x0000000086f00000, 0x0000000086f00000|100%| O|  |TAMS 0x0000000086e00000| PB 0x0000000086e00000| Untracked |  0
| 111|0x0000000086f00000, 0x0000000087000000, 0x0000000087000000|100%| O|  |TAMS 0x0000000086f00000| PB 0x0000000086f00000| Untracked |  0
| 112|0x0000000087000000, 0x0000000087100000, 0x0000000087100000|100%| O|  |TAMS 0x0000000087000000| PB 0x0000000087000000| Untracked |  0
| 113|0x0000000087100000, 0x0000000087200000, 0x0000000087200000|100%| O|  |TAMS 0x0000000087100000| PB 0x0000000087100000| Untracked |  0
| 114|0x0000000087200000, 0x0000000087300000, 0x0000000087300000|100%| O|  |TAMS 0x0000000087200000| PB 0x0000000087200000| Untracked |  0
| 115|0x0000000087300000, 0x0000000087400000, 0x0000000087400000|100%| O|  |TAMS 0x0000000087300000| PB 0x0000000087300000| Untracked |  0
| 116|0x0000000087400000, 0x0000000087500000, 0x0000000087500000|100%| O|  |TAMS 0x0000000087400000| PB 0x0000000087400000| Untracked |  0
| 117|0x0000000087500000, 0x0000000087600000, 0x0000000087600000|100%| O|  |TAMS 0x0000000087500000| PB 0x0000000087500000| Untracked |  0
| 118|0x0000000087600000, 0x0000000087700000, 0x0000000087700000|100%| O|  |TAMS 0x0000000087600000| PB 0x0000000087600000| Untracked |  0
| 119|0x0000000087700000, 0x0000000087800000, 0x0000000087800000|100%| O|  |TAMS 0x0000000087700000| PB 0x0000000087700000| Untracked |  0
| 120|0x0000000087800000, 0x0000000087900000, 0x0000000087900000|100%| O|  |TAMS 0x0000000087800000| PB 0x0000000087800000| Untracked |  0
| 121|0x0000000087900000, 0x0000000087a00000, 0x0000000087a00000|100%| O|  |TAMS 0x0000000087900000| PB 0x0000000087900000| Untracked |  0
| 122|0x0000000087a00000, 0x0000000087b00000, 0x0000000087b00000|100%| O|  |TAMS 0x0000000087a00000| PB 0x0000000087a00000| Untracked |  0
| 123|0x0000000087b00000, 0x0000000087c00000, 0x0000000087c00000|100%| O|  |TAMS 0x0000000087b00000| PB 0x0000000087b00000| Untracked |  0
| 124|0x0000000087c00000, 0x0000000087d00000, 0x0000000087d00000|100%| O|  |TAMS 0x0000000087c00000| PB 0x0000000087c00000| Untracked |  0
| 125|0x0000000087d00000, 0x0000000087e00000, 0x0000000087e00000|100%| O|  |TAMS 0x0000000087d00000| PB 0x0000000087d00000| Untracked |  0
| 126|0x0000000087e00000, 0x0000000087f00000, 0x0000000087f00000|100%| O|  |TAMS 0x0000000087e00000| PB 0x0000000087e00000| Untracked |  0
| 127|0x0000000087f00000, 0x0000000088000000, 0x0000000088000000|100%| O|  |TAMS 0x0000000087f00000| PB 0x0000000087f00000| Untracked |  0
| 128|0x0000000088000000, 0x0000000088100000, 0x0000000088100000|100%| O|  |TAMS 0x0000000088000000| PB 0x0000000088000000| Untracked |  0
| 129|0x0000000088100000, 0x0000000088200000, 0x0000000088200000|100%| O|  |TAMS 0x0000000088100000| PB 0x0000000088100000| Untracked |  0
| 130|0x0000000088200000, 0x0000000088300000, 0x0000000088300000|100%| O|  |TAMS 0x0000000088200000| PB 0x0000000088200000| Untracked |  0
| 131|0x0000000088300000, 0x0000000088400000, 0x0000000088400000|100%| O|  |TAMS 0x0000000088300000| PB 0x0000000088300000| Untracked |  0
| 132|0x0000000088400000, 0x0000000088500000, 0x0000000088500000|100%| O|  |TAMS 0x0000000088400000| PB 0x0000000088400000| Untracked |  0
| 133|0x0000000088500000, 0x0000000088600000, 0x0000000088600000|100%| O|  |TAMS 0x0000000088500000| PB 0x0000000088500000| Untracked |  0
| 134|0x0000000088600000, 0x0000000088700000, 0x0000000088700000|100%| O|  |TAMS 0x0000000088600000| PB 0x0000000088600000| Untracked |  0
| 135|0x0000000088700000, 0x0000000088800000, 0x0000000088800000|100%| O|  |TAMS 0x0000000088700000| PB 0x0000000088700000| Untracked |  0
| 136|0x0000000088800000, 0x0000000088900000, 0x0000000088900000|100%| O|  |TAMS 0x0000000088800000| PB 0x0000000088800000| Untracked |  0
| 137|0x0000000088900000, 0x0000000088a00000, 0x0000000088a00000|100%| O|  |TAMS 0x0000000088900000| PB 0x0000000088900000| Untracked |  0
| 138|0x0000000088a00000, 0x0000000088b00000, 0x0000000088b00000|100%| O|  |TAMS 0x0000000088a00000| PB 0x0000000088a00000| Untracked |  0
| 139|0x0000000088b00000, 0x0000000088c00000, 0x0000000088c00000|100%| O|  |TAMS 0x0000000088b00000| PB 0x0000000088b00000| Untracked |  0
| 140|0x0000000088c00000, 0x0000000088d00000, 0x0000000088d00000|100%| O|  |TAMS 0x0000000088c00000| PB 0x0000000088c00000| Untracked |  0
| 141|0x0000000088d00000, 0x0000000088e00000, 0x0000000088e00000|100%| O|  |TAMS 0x0000000088d00000| PB 0x0000000088d00000| Untracked |  0
| 142|0x0000000088e00000, 0x0000000088f00000, 0x0000000088f00000|100%| O|  |TAMS 0x0000000088e00000| PB 0x0000000088e00000| Untracked |  0
| 143|0x0000000088f00000, 0x0000000089000000, 0x0000000089000000|100%| O|  |TAMS 0x0000000088f00000| PB 0x0000000088f00000| Untracked |  0
| 144|0x0000000089000000, 0x0000000089100000, 0x0000000089100000|100%| O|  |TAMS 0x0000000089000000| PB 0x0000000089000000| Untracked |  0
| 145|0x0000000089100000, 0x0000000089200000, 0x0000000089200000|100%| O|  |TAMS 0x0000000089100000| PB 0x0000000089100000| Untracked |  0
| 146|0x0000000089200000, 0x0000000089300000, 0x0000000089300000|100%| O|  |TAMS 0x0000000089200000| PB 0x0000000089200000| Untracked |  0
| 147|0x0000000089300000, 0x0000000089400000, 0x0000000089400000|100%| O|  |TAMS 0x0000000089300000| PB 0x0000000089300000| Untracked |  0
| 148|0x0000000089400000, 0x0000000089500000, 0x0000000089500000|100%| O|  |TAMS 0x0000000089400000| PB 0x0000000089400000| Untracked |  0
| 149|0x0000000089500000, 0x0000000089600000, 0x0000000089600000|100%| O|  |TAMS 0x0000000089500000| PB 0x0000000089500000| Untracked |  0
| 150|0x0000000089600000, 0x0000000089700000, 0x0000000089700000|100%| O|  |TAMS 0x0000000089600000| PB 0x0000000089600000| Untracked |  0
| 151|0x0000000089700000, 0x0000000089800000, 0x0000000089800000|100%| O|  |TAMS 0x0000000089700000| PB 0x0000000089700000| Untracked |  0
| 152|0x0000000089800000, 0x0000000089900000, 0x0000000089900000|100%| O|  |TAMS 0x0000000089800000| PB 0x0000000089800000| Untracked |  0
| 153|0x0000000089900000, 0x0000000089a00000, 0x0000000089a00000|100%| O|  |TAMS 0x0000000089900000| PB 0x0000000089900000| Untracked |  0
| 154|0x0000000089a00000, 0x0000000089b00000, 0x0000000089b00000|100%| O|  |TAMS 0x0000000089a00000| PB 0x0000000089a00000| Untracked |  0
| 155|0x0000000089b00000, 0x0000000089c00000, 0x0000000089c00000|100%| O|  |TAMS 0x0000000089b00000| PB 0x0000000089b00000| Untracked |  0
| 156|0x0000000089c00000, 0x0000000089d00000, 0x0000000089d00000|100%| O|  |TAMS 0x0000000089c00000| PB 0x0000000089c00000| Untracked |  0
| 157|0x0000000089d00000, 0x0000000089e00000, 0x0000000089e00000|100%| O|  |TAMS 0x0000000089d00000| PB 0x0000000089d00000| Untracked |  0
| 158|0x0000000089e00000, 0x0000000089f00000, 0x0000000089f00000|100%| O|  |TAMS 0x0000000089e00000| PB 0x0000000089e00000| Untracked |  0
| 159|0x0000000089f00000, 0x000000008a000000, 0x000000008a000000|100%| O|  |TAMS 0x0000000089f00000| PB 0x0000000089f00000| Untracked |  0
| 160|0x000000008a000000, 0x000000008a100000, 0x000000008a100000|100%| O|  |TAMS 0x000000008a000000| PB 0x000000008a000000| Untracked |  0
| 161|0x000000008a100000, 0x000000008a200000, 0x000000008a200000|100%| O|  |TAMS 0x000000008a100000| PB 0x000000008a100000| Untracked |  0
| 162|0x000000008a200000, 0x000000008a300000, 0x000000008a300000|100%| O|  |TAMS 0x000000008a200000| PB 0x000000008a200000| Untracked |  0
| 163|0x000000008a300000, 0x000000008a400000, 0x000000008a400000|100%| O|  |TAMS 0x000000008a300000| PB 0x000000008a300000| Untracked |  0
| 164|0x000000008a400000, 0x000000008a500000, 0x000000008a500000|100%| O|  |TAMS 0x000000008a400000| PB 0x000000008a400000| Untracked |  0
| 165|0x000000008a500000, 0x000000008a600000, 0x000000008a600000|100%| O|  |TAMS 0x000000008a500000| PB 0x000000008a500000| Untracked |  0
| 166|0x000000008a600000, 0x000000008a700000, 0x000000008a700000|100%| O|  |TAMS 0x000000008a600000| PB 0x000000008a600000| Untracked |  0
| 167|0x000000008a700000, 0x000000008a800000, 0x000000008a800000|100%| O|  |TAMS 0x000000008a700000| PB 0x000000008a700000| Untracked |  0
| 168|0x000000008a800000, 0x000000008a900000, 0x000000008a900000|100%| O|  |TAMS 0x000000008a800000| PB 0x000000008a800000| Untracked |  0
| 169|0x000000008a900000, 0x000000008aa00000, 0x000000008aa00000|100%| O|  |TAMS 0x000000008a900000| PB 0x000000008a900000| Untracked |  0
| 170|0x000000008aa00000, 0x000000008ab00000, 0x000000008ab00000|100%| O|  |TAMS 0x000000008aa00000| PB 0x000000008aa00000| Untracked |  0
| 171|0x000000008ab00000, 0x000000008ac00000, 0x000000008ac00000|100%| O|  |TAMS 0x000000008ab00000| PB 0x000000008ab00000| Untracked |  0
| 172|0x000000008ac00000, 0x000000008ad00000, 0x000000008ad00000|100%| O|  |TAMS 0x000000008ac00000| PB 0x000000008ac00000| Untracked |  0
| 173|0x000000008ad00000, 0x000000008ae00000, 0x000000008ae00000|100%| O|  |TAMS 0x000000008ad00000| PB 0x000000008ad00000| Untracked |  0
| 174|0x000000008ae00000, 0x000000008af00000, 0x000000008af00000|100%| O|  |TAMS 0x000000008ae00000| PB 0x000000008ae00000| Untracked |  0
| 175|0x000000008af00000, 0x000000008b000000, 0x000000008b000000|100%| O|  |TAMS 0x000000008af00000| PB 0x000000008af00000| Untracked |  0
| 176|0x000000008b000000, 0x000000008b100000, 0x000000008b100000|100%| O|  |TAMS 0x000000008b000000| PB 0x000000008b000000| Untracked |  0
| 177|0x000000008b100000, 0x000000008b200000, 0x000000008b200000|100%| O|  |TAMS 0x000000008b100000| PB 0x000000008b100000| Untracked |  0
| 178|0x000000008b200000, 0x000000008b300000, 0x000000008b300000|100%| O|  |TAMS 0x000000008b200000| PB 0x000000008b200000| Untracked |  0
| 179|0x000000008b300000, 0x000000008b400000, 0x000000008b400000|100%| O|  |TAMS 0x000000008b300000| PB 0x000000008b300000| Untracked |  0
| 180|0x000000008b400000, 0x000000008b500000, 0x000000008b500000|100%| O|  |TAMS 0x000000008b400000| PB 0x000000008b400000| Untracked |  0
| 181|0x000000008b500000, 0x000000008b600000, 0x000000008b600000|100%| O|  |TAMS 0x000000008b500000| PB 0x000000008b500000| Untracked |  0
| 182|0x000000008b600000, 0x000000008b700000, 0x000000008b700000|100%| O|  |TAMS 0x000000008b600000| PB 0x000000008b600000| Untracked |  0
| 183|0x000000008b700000, 0x000000008b800000, 0x000000008b800000|100%| O|  |TAMS 0x000000008b700000| PB 0x000000008b700000| Untracked |  0
| 184|0x000000008b800000, 0x000000008b900000, 0x000000008b900000|100%| O|  |TAMS 0x000000008b800000| PB 0x000000008b800000| Untracked |  0
| 185|0x000000008b900000, 0x000000008ba00000, 0x000000008ba00000|100%| O|  |TAMS 0x000000008b900000| PB 0x000000008b900000| Untracked |  0
| 186|0x000000008ba00000, 0x000000008bb00000, 0x000000008bb00000|100%| O|  |TAMS 0x000000008ba00000| PB 0x000000008ba00000| Untracked |  0
| 187|0x000000008bb00000, 0x000000008bc00000, 0x000000008bc00000|100%| O|  |TAMS 0x000000008bb00000| PB 0x000000008bb00000| Untracked |  0
| 188|0x000000008bc00000, 0x000000008bd00000, 0x000000008bd00000|100%| O|  |TAMS 0x000000008bc00000| PB 0x000000008bc00000| Untracked |  0
| 189|0x000000008bd00000, 0x000000008be00000, 0x000000008be00000|100%| O|  |TAMS 0x000000008bd00000| PB 0x000000008bd00000| Untracked |  0
| 190|0x000000008be00000, 0x000000008bf00000, 0x000000008bf00000|100%| O|  |TAMS 0x000000008be00000| PB 0x000000008be00000| Untracked |  0
| 191|0x000000008bf00000, 0x000000008c000000, 0x000000008c000000|100%| O|  |TAMS 0x000000008bf00000| PB 0x000000008bf00000| Untracked |  0
| 192|0x000000008c000000, 0x000000008c100000, 0x000000008c100000|100%| O|  |TAMS 0x000000008c000000| PB 0x000000008c000000| Untracked |  0
| 193|0x000000008c100000, 0x000000008c200000, 0x000000008c200000|100%| O|  |TAMS 0x000000008c100000| PB 0x000000008c100000| Untracked |  0
| 194|0x000000008c200000, 0x000000008c300000, 0x000000008c300000|100%| O|  |TAMS 0x000000008c200000| PB 0x000000008c200000| Untracked |  0
| 195|0x000000008c300000, 0x000000008c400000, 0x000000008c400000|100%| O|  |TAMS 0x000000008c300000| PB 0x000000008c300000| Untracked |  0
| 196|0x000000008c400000, 0x000000008c500000, 0x000000008c500000|100%| O|  |TAMS 0x000000008c400000| PB 0x000000008c400000| Untracked |  0
| 197|0x000000008c500000, 0x000000008c600000, 0x000000008c600000|100%| O|Cm|TAMS 0x000000008c500000| PB 0x000000008c500000| Complete |  0
| 198|0x000000008c600000, 0x000000008c700000, 0x000000008c700000|100%| O|  |TAMS 0x000000008c600000| PB 0x000000008c600000| Untracked |  0
| 199|0x000000008c700000, 0x000000008c800000, 0x000000008c800000|100%| O|  |TAMS 0x000000008c700000| PB 0x000000008c700000| Untracked |  0
| 200|0x000000008c800000, 0x000000008c900000, 0x000000008c900000|100%| O|  |TAMS 0x000000008c800000| PB 0x000000008c800000| Untracked |  0
| 201|0x000000008c900000, 0x000000008ca00000, 0x000000008ca00000|100%| O|  |TAMS 0x000000008c900000| PB 0x000000008c900000| Untracked |  0
| 202|0x000000008ca00000, 0x000000008cb00000, 0x000000008cb00000|100%|HS|  |TAMS 0x000000008ca00000| PB 0x000000008ca00000| Complete |  0
| 203|0x000000008cb00000, 0x000000008cb00000, 0x000000008cc00000|  0%| F|  |TAMS 0x000000008cb00000| PB 0x000000008cb00000| Untracked |  0
| 204|0x000000008cc00000, 0x000000008cd00000, 0x000000008cd00000|100%| O|  |TAMS 0x000000008cc00000| PB 0x000000008cc00000| Untracked |  0
| 205|0x000000008cd00000, 0x000000008ce00000, 0x000000008ce00000|100%| O|  |TAMS 0x000000008cd00000| PB 0x000000008cd00000| Untracked |  0
| 206|0x000000008ce00000, 0x000000008cf00000, 0x000000008cf00000|100%| O|  |TAMS 0x000000008ce00000| PB 0x000000008ce00000| Untracked |  0
| 207|0x000000008cf00000, 0x000000008d000000, 0x000000008d000000|100%| O|  |TAMS 0x000000008cf00000| PB 0x000000008cf00000| Untracked |  0
| 208|0x000000008d000000, 0x000000008d100000, 0x000000008d100000|100%| O|  |TAMS 0x000000008d000000| PB 0x000000008d000000| Untracked |  0
| 209|0x000000008d100000, 0x000000008d200000, 0x000000008d200000|100%| O|  |TAMS 0x000000008d100000| PB 0x000000008d100000| Untracked |  0
| 210|0x000000008d200000, 0x000000008d300000, 0x000000008d300000|100%| O|  |TAMS 0x000000008d200000| PB 0x000000008d200000| Untracked |  0
| 211|0x000000008d300000, 0x000000008d400000, 0x000000008d400000|100%| O|  |TAMS 0x000000008d300000| PB 0x000000008d300000| Untracked |  0
| 212|0x000000008d400000, 0x000000008d498c20, 0x000000008d500000| 59%| O|  |TAMS 0x000000008d400000| PB 0x000000008d400000| Untracked |  0
| 213|0x000000008d500000, 0x000000008d600000, 0x000000008d600000|100%|HS|  |TAMS 0x000000008d500000| PB 0x000000008d500000| Complete |  0
| 214|0x000000008d600000, 0x000000008d700000, 0x000000008d700000|100%|HC|  |TAMS 0x000000008d600000| PB 0x000000008d600000| Complete |  0
| 215|0x000000008d700000, 0x000000008d800000, 0x000000008d800000|100%|HC|  |TAMS 0x000000008d700000| PB 0x000000008d700000| Complete |  0
| 216|0x000000008d800000, 0x000000008d900000, 0x000000008d900000|100%|HC|  |TAMS 0x000000008d800000| PB 0x000000008d800000| Complete |  0
| 217|0x000000008d900000, 0x000000008da00000, 0x000000008da00000|100%|HS|  |TAMS 0x000000008d900000| PB 0x000000008d900000| Complete |  0
| 218|0x000000008da00000, 0x000000008db00000, 0x000000008db00000|100%|HC|  |TAMS 0x000000008da00000| PB 0x000000008da00000| Complete |  0
| 219|0x000000008db00000, 0x000000008dc00000, 0x000000008dc00000|100%|HC|  |TAMS 0x000000008db00000| PB 0x000000008db00000| Complete |  0
| 220|0x000000008dc00000, 0x000000008dd00000, 0x000000008dd00000|100%|HC|  |TAMS 0x000000008dc00000| PB 0x000000008dc00000| Complete |  0
| 221|0x000000008dd00000, 0x000000008de00000, 0x000000008de00000|100%|HS|  |TAMS 0x000000008dd00000| PB 0x000000008dd00000| Complete |  0
| 222|0x000000008de00000, 0x000000008df00000, 0x000000008df00000|100%|HC|  |TAMS 0x000000008de00000| PB 0x000000008de00000| Complete |  0
| 223|0x000000008df00000, 0x000000008e000000, 0x000000008e000000|100%|HC|  |TAMS 0x000000008df00000| PB 0x000000008df00000| Complete |  0
| 224|0x000000008e000000, 0x000000008e100000, 0x000000008e100000|100%|HC|  |TAMS 0x000000008e000000| PB 0x000000008e000000| Complete |  0
| 225|0x000000008e100000, 0x000000008e200000, 0x000000008e200000|100%|HC|  |TAMS 0x000000008e100000| PB 0x000000008e100000| Complete |  0
| 226|0x000000008e200000, 0x000000008e300000, 0x000000008e300000|100%|HS|  |TAMS 0x000000008e200000| PB 0x000000008e200000| Complete |  0
| 227|0x000000008e300000, 0x000000008e400000, 0x000000008e400000|100%|HC|  |TAMS 0x000000008e300000| PB 0x000000008e300000| Complete |  0
| 228|0x000000008e400000, 0x000000008e500000, 0x000000008e500000|100%|HC|  |TAMS 0x000000008e400000| PB 0x000000008e400000| Complete |  0
| 229|0x000000008e500000, 0x000000008e600000, 0x000000008e600000|100%|HC|  |TAMS 0x000000008e500000| PB 0x000000008e500000| Complete |  0
| 230|0x000000008e600000, 0x000000008e700000, 0x000000008e700000|100%|HC|  |TAMS 0x000000008e600000| PB 0x000000008e600000| Complete |  0
| 231|0x000000008e700000, 0x000000008e700000, 0x000000008e800000|  0%| F|  |TAMS 0x000000008e700000| PB 0x000000008e700000| Untracked |  0
| 232|0x000000008e800000, 0x000000008e800000, 0x000000008e900000|  0%| F|  |TAMS 0x000000008e800000| PB 0x000000008e800000| Untracked |  0
| 233|0x000000008e900000, 0x000000008e900000, 0x000000008ea00000|  0%| F|  |TAMS 0x000000008e900000| PB 0x000000008e900000| Untracked |  0
| 234|0x000000008ea00000, 0x000000008ea00000, 0x000000008eb00000|  0%| F|  |TAMS 0x000000008ea00000| PB 0x000000008ea00000| Untracked |  0
| 235|0x000000008eb00000, 0x000000008eb00000, 0x000000008ec00000|  0%| F|  |TAMS 0x000000008eb00000| PB 0x000000008eb00000| Untracked |  0
| 236|0x000000008ec00000, 0x000000008ed00000, 0x000000008ed00000|100%|HS|  |TAMS 0x000000008ec00000| PB 0x000000008ec00000| Complete |  0
| 237|0x000000008ed00000, 0x000000008ee00000, 0x000000008ee00000|100%|HC|  |TAMS 0x000000008ed00000| PB 0x000000008ed00000| Complete |  0
| 238|0x000000008ee00000, 0x000000008ef00000, 0x000000008ef00000|100%|HC|  |TAMS 0x000000008ee00000| PB 0x000000008ee00000| Complete |  0
| 239|0x000000008ef00000, 0x000000008f000000, 0x000000008f000000|100%|HS|  |TAMS 0x000000008ef00000| PB 0x000000008ef00000| Complete |  0
| 240|0x000000008f000000, 0x000000008f100000, 0x000000008f100000|100%|HC|  |TAMS 0x000000008f000000| PB 0x000000008f000000| Complete |  0
| 241|0x000000008f100000, 0x000000008f200000, 0x000000008f200000|100%|HC|  |TAMS 0x000000008f100000| PB 0x000000008f100000| Complete |  0
| 242|0x000000008f200000, 0x000000008f300000, 0x000000008f300000|100%|HC|  |TAMS 0x000000008f200000| PB 0x000000008f200000| Complete |  0
| 243|0x000000008f300000, 0x000000008f400000, 0x000000008f400000|100%|HC|  |TAMS 0x000000008f300000| PB 0x000000008f300000| Complete |  0
| 244|0x000000008f400000, 0x000000008f500000, 0x000000008f500000|100%|HC|  |TAMS 0x000000008f400000| PB 0x000000008f400000| Complete |  0
| 245|0x000000008f500000, 0x000000008f600000, 0x000000008f600000|100%|HC|  |TAMS 0x000000008f500000| PB 0x000000008f500000| Complete |  0
| 246|0x000000008f600000, 0x000000008f700000, 0x000000008f700000|100%|HC|  |TAMS 0x000000008f600000| PB 0x000000008f600000| Complete |  0
| 247|0x000000008f700000, 0x000000008f800000, 0x000000008f800000|100%|HC|  |TAMS 0x000000008f700000| PB 0x000000008f700000| Complete |  0
| 248|0x000000008f800000, 0x000000008f900000, 0x000000008f900000|100%|HC|  |TAMS 0x000000008f800000| PB 0x000000008f800000| Complete |  0
| 249|0x000000008f900000, 0x000000008fa00000, 0x000000008fa00000|100%|HC|  |TAMS 0x000000008f900000| PB 0x000000008f900000| Complete |  0
| 250|0x000000008fa00000, 0x000000008fb00000, 0x000000008fb00000|100%|HC|  |TAMS 0x000000008fa00000| PB 0x000000008fa00000| Complete |  0
| 251|0x000000008fb00000, 0x000000008fc00000, 0x000000008fc00000|100%|HC|  |TAMS 0x000000008fb00000| PB 0x000000008fb00000| Complete |  0
| 252|0x000000008fc00000, 0x000000008fd00000, 0x000000008fd00000|100%|HC|  |TAMS 0x000000008fc00000| PB 0x000000008fc00000| Complete |  0
| 253|0x000000008fd00000, 0x000000008fe00000, 0x000000008fe00000|100%|HS|  |TAMS 0x000000008fd00000| PB 0x000000008fd00000| Complete |  0
| 254|0x000000008fe00000, 0x000000008ff00000, 0x000000008ff00000|100%|HC|  |TAMS 0x000000008fe00000| PB 0x000000008fe00000| Complete |  0
| 255|0x000000008ff00000, 0x0000000090000000, 0x0000000090000000|100%|HC|  |TAMS 0x000000008ff00000| PB 0x000000008ff00000| Complete |  0
| 256|0x0000000090000000, 0x0000000090100000, 0x0000000090100000|100%|HC|  |TAMS 0x0000000090000000| PB 0x0000000090000000| Complete |  0
| 257|0x0000000090100000, 0x0000000090200000, 0x0000000090200000|100%|HC|  |TAMS 0x0000000090100000| PB 0x0000000090100000| Complete |  0
| 258|0x0000000090200000, 0x0000000090300000, 0x0000000090300000|100%|HC|  |TAMS 0x0000000090200000| PB 0x0000000090200000| Complete |  0
| 259|0x0000000090300000, 0x0000000090400000, 0x0000000090400000|100%|HC|  |TAMS 0x0000000090300000| PB 0x0000000090300000| Complete |  0
| 260|0x0000000090400000, 0x0000000090500000, 0x0000000090500000|100%| O|Cm|TAMS 0x0000000090400000| PB 0x0000000090400000| Complete |  0
| 261|0x0000000090500000, 0x0000000090600000, 0x0000000090600000|100%| O|Cm|TAMS 0x0000000090500000| PB 0x0000000090500000| Complete |  0
| 262|0x0000000090600000, 0x0000000090700000, 0x0000000090700000|100%|HS|  |TAMS 0x0000000090600000| PB 0x0000000090600000| Complete |  0
| 263|0x0000000090700000, 0x0000000090800000, 0x0000000090800000|100%|HC|  |TAMS 0x0000000090700000| PB 0x0000000090700000| Complete |  0
| 264|0x0000000090800000, 0x0000000090900000, 0x0000000090900000|100%|HS|  |TAMS 0x0000000090800000| PB 0x0000000090800000| Complete |  0
| 265|0x0000000090900000, 0x0000000090a00000, 0x0000000090a00000|100%|HC|  |TAMS 0x0000000090900000| PB 0x0000000090900000| Complete |  0
| 266|0x0000000090a00000, 0x0000000090b00000, 0x0000000090b00000|100%|HC|  |TAMS 0x0000000090a00000| PB 0x0000000090a00000| Complete |  0
| 267|0x0000000090b00000, 0x0000000090c00000, 0x0000000090c00000|100%|HS|  |TAMS 0x0000000090b00000| PB 0x0000000090b00000| Complete |  0
| 268|0x0000000090c00000, 0x0000000090d00000, 0x0000000090d00000|100%|HC|  |TAMS 0x0000000090c00000| PB 0x0000000090c00000| Complete |  0
| 269|0x0000000090d00000, 0x0000000090e00000, 0x0000000090e00000|100%|HC|  |TAMS 0x0000000090d00000| PB 0x0000000090d00000| Complete |  0
| 270|0x0000000090e00000, 0x0000000090f00000, 0x0000000090f00000|100%|HC|  |TAMS 0x0000000090e00000| PB 0x0000000090e00000| Complete |  0
| 271|0x0000000090f00000, 0x0000000091000000, 0x0000000091000000|100%|HC|  |TAMS 0x0000000090f00000| PB 0x0000000090f00000| Complete |  0
| 272|0x0000000091000000, 0x0000000091100000, 0x0000000091100000|100%|HC|  |TAMS 0x0000000091000000| PB 0x0000000091000000| Complete |  0
| 273|0x0000000091100000, 0x0000000091200000, 0x0000000091200000|100%|HC|  |TAMS 0x0000000091100000| PB 0x0000000091100000| Complete |  0
| 274|0x0000000091200000, 0x0000000091300000, 0x0000000091300000|100%|HC|  |TAMS 0x0000000091200000| PB 0x0000000091200000| Complete |  0
| 275|0x0000000091300000, 0x0000000091400000, 0x0000000091400000|100%|HC|  |TAMS 0x0000000091300000| PB 0x0000000091300000| Complete |  0
| 276|0x0000000091400000, 0x0000000091500000, 0x0000000091500000|100%|HC|  |TAMS 0x0000000091400000| PB 0x0000000091400000| Complete |  0
| 277|0x0000000091500000, 0x0000000091600000, 0x0000000091600000|100%|HC|  |TAMS 0x0000000091500000| PB 0x0000000091500000| Complete |  0
| 278|0x0000000091600000, 0x0000000091700000, 0x0000000091700000|100%|HC|  |TAMS 0x0000000091600000| PB 0x0000000091600000| Complete |  0
| 279|0x0000000091700000, 0x0000000091800000, 0x0000000091800000|100%|HC|  |TAMS 0x0000000091700000| PB 0x0000000091700000| Complete |  0
| 280|0x0000000091800000, 0x0000000091900000, 0x0000000091900000|100%|HC|  |TAMS 0x0000000091800000| PB 0x0000000091800000| Complete |  0
| 281|0x0000000091900000, 0x0000000091a00000, 0x0000000091a00000|100%|HC|  |TAMS 0x0000000091900000| PB 0x0000000091900000| Complete |  0
| 282|0x0000000091a00000, 0x0000000091b00000, 0x0000000091b00000|100%|HS|  |TAMS 0x0000000091a00000| PB 0x0000000091a00000| Complete |  0
| 283|0x0000000091b00000, 0x0000000091c00000, 0x0000000091c00000|100%|HC|  |TAMS 0x0000000091b00000| PB 0x0000000091b00000| Complete |  0
| 284|0x0000000091c00000, 0x0000000091d00000, 0x0000000091d00000|100%|HS|  |TAMS 0x0000000091c00000| PB 0x0000000091c00000| Complete |  0
| 285|0x0000000091d00000, 0x0000000091e00000, 0x0000000091e00000|100%|HC|  |TAMS 0x0000000091d00000| PB 0x0000000091d00000| Complete |  0
| 286|0x0000000091e00000, 0x0000000091f00000, 0x0000000091f00000|100%|HC|  |TAMS 0x0000000091e00000| PB 0x0000000091e00000| Complete |  0
| 287|0x0000000091f00000, 0x0000000092000000, 0x0000000092000000|100%|HC|  |TAMS 0x0000000091f00000| PB 0x0000000091f00000| Complete |  0
| 288|0x0000000092000000, 0x0000000092100000, 0x0000000092100000|100%|HC|  |TAMS 0x0000000092000000| PB 0x0000000092000000| Complete |  0
| 289|0x0000000092100000, 0x0000000092200000, 0x0000000092200000|100%|HC|  |TAMS 0x0000000092100000| PB 0x0000000092100000| Complete |  0
| 290|0x0000000092200000, 0x0000000092300000, 0x0000000092300000|100%|HS|  |TAMS 0x0000000092200000| PB 0x0000000092200000| Complete |  0
| 291|0x0000000092300000, 0x0000000092400000, 0x0000000092400000|100%|HC|  |TAMS 0x0000000092300000| PB 0x0000000092300000| Complete |  0
| 292|0x0000000092400000, 0x0000000092500000, 0x0000000092500000|100%|HC|  |TAMS 0x0000000092400000| PB 0x0000000092400000| Complete |  0
| 293|0x0000000092500000, 0x0000000092600000, 0x0000000092600000|100%|HC|  |TAMS 0x0000000092500000| PB 0x0000000092500000| Complete |  0
| 294|0x0000000092600000, 0x0000000092700000, 0x0000000092700000|100%|HC|  |TAMS 0x0000000092600000| PB 0x0000000092600000| Complete |  0
| 295|0x0000000092700000, 0x0000000092800000, 0x0000000092800000|100%|HC|  |TAMS 0x0000000092700000| PB 0x0000000092700000| Complete |  0
| 296|0x0000000092800000, 0x0000000092900000, 0x0000000092900000|100%|HS|  |TAMS 0x0000000092800000| PB 0x0000000092800000| Complete |  0
| 297|0x0000000092900000, 0x0000000092a00000, 0x0000000092a00000|100%|HC|  |TAMS 0x0000000092900000| PB 0x0000000092900000| Complete |  0
| 298|0x0000000092a00000, 0x0000000092b00000, 0x0000000092b00000|100%|HC|  |TAMS 0x0000000092a00000| PB 0x0000000092a00000| Complete |  0
| 299|0x0000000092b00000, 0x0000000092c00000, 0x0000000092c00000|100%|HC|  |TAMS 0x0000000092b00000| PB 0x0000000092b00000| Complete |  0
| 300|0x0000000092c00000, 0x0000000092d00000, 0x0000000092d00000|100%|HC|  |TAMS 0x0000000092c00000| PB 0x0000000092c00000| Complete |  0
| 301|0x0000000092d00000, 0x0000000092e00000, 0x0000000092e00000|100%|HC|  |TAMS 0x0000000092d00000| PB 0x0000000092d00000| Complete |  0
| 302|0x0000000092e00000, 0x0000000092e00000, 0x0000000092f00000|  0%| F|  |TAMS 0x0000000092e00000| PB 0x0000000092e00000| Untracked |  0
| 303|0x0000000092f00000, 0x0000000092f00000, 0x0000000093000000|  0%| F|  |TAMS 0x0000000092f00000| PB 0x0000000092f00000| Untracked |  0
| 304|0x0000000093000000, 0x0000000093000000, 0x0000000093100000|  0%| F|  |TAMS 0x0000000093000000| PB 0x0000000093000000| Untracked |  0
| 305|0x0000000093100000, 0x0000000093100000, 0x0000000093200000|  0%| F|  |TAMS 0x0000000093100000| PB 0x0000000093100000| Untracked |  0
| 306|0x0000000093200000, 0x0000000093200000, 0x0000000093300000|  0%| F|  |TAMS 0x0000000093200000| PB 0x0000000093200000| Untracked |  0
| 307|0x0000000093300000, 0x0000000093300000, 0x0000000093400000|  0%| F|  |TAMS 0x0000000093300000| PB 0x0000000093300000| Untracked |  0
| 308|0x0000000093400000, 0x0000000093400000, 0x0000000093500000|  0%| F|  |TAMS 0x0000000093400000| PB 0x0000000093400000| Untracked |  0
| 309|0x0000000093500000, 0x0000000093500000, 0x0000000093600000|  0%| F|  |TAMS 0x0000000093500000| PB 0x0000000093500000| Untracked |  0
| 310|0x0000000093600000, 0x0000000093600000, 0x0000000093700000|  0%| F|  |TAMS 0x0000000093600000| PB 0x0000000093600000| Untracked |  0
| 311|0x0000000093700000, 0x0000000093700000, 0x0000000093800000|  0%| F|  |TAMS 0x0000000093700000| PB 0x0000000093700000| Untracked |  0
| 312|0x0000000093800000, 0x0000000093800000, 0x0000000093900000|  0%| F|  |TAMS 0x0000000093800000| PB 0x0000000093800000| Untracked |  0
| 313|0x0000000093900000, 0x0000000093900000, 0x0000000093a00000|  0%| F|  |TAMS 0x0000000093900000| PB 0x0000000093900000| Untracked |  0
| 314|0x0000000093a00000, 0x0000000093a00000, 0x0000000093b00000|  0%| F|  |TAMS 0x0000000093a00000| PB 0x0000000093a00000| Untracked |  0
| 315|0x0000000093b00000, 0x0000000093b00000, 0x0000000093c00000|  0%| F|  |TAMS 0x0000000093b00000| PB 0x0000000093b00000| Untracked |  0
| 316|0x0000000093c00000, 0x0000000093c00000, 0x0000000093d00000|  0%| F|  |TAMS 0x0000000093c00000| PB 0x0000000093c00000| Untracked |  0
| 317|0x0000000093d00000, 0x0000000093d00000, 0x0000000093e00000|  0%| F|  |TAMS 0x0000000093d00000| PB 0x0000000093d00000| Untracked |  0
| 318|0x0000000093e00000, 0x0000000093e00000, 0x0000000093f00000|  0%| F|  |TAMS 0x0000000093e00000| PB 0x0000000093e00000| Untracked |  0
| 319|0x0000000093f00000, 0x0000000093f00000, 0x0000000094000000|  0%| F|  |TAMS 0x0000000093f00000| PB 0x0000000093f00000| Untracked |  0
| 320|0x0000000094000000, 0x0000000094000000, 0x0000000094100000|  0%| F|  |TAMS 0x0000000094000000| PB 0x0000000094000000| Untracked |  0
| 321|0x0000000094100000, 0x0000000094100000, 0x0000000094200000|  0%| F|  |TAMS 0x0000000094100000| PB 0x0000000094100000| Untracked |  0
| 322|0x0000000094200000, 0x0000000094200000, 0x0000000094300000|  0%| F|  |TAMS 0x0000000094200000| PB 0x0000000094200000| Untracked |  0
| 323|0x0000000094300000, 0x0000000094300000, 0x0000000094400000|  0%| F|  |TAMS 0x0000000094300000| PB 0x0000000094300000| Untracked |  0
| 324|0x0000000094400000, 0x0000000094400000, 0x0000000094500000|  0%| F|  |TAMS 0x0000000094400000| PB 0x0000000094400000| Untracked |  0
| 325|0x0000000094500000, 0x0000000094500000, 0x0000000094600000|  0%| F|  |TAMS 0x0000000094500000| PB 0x0000000094500000| Untracked |  0
| 326|0x0000000094600000, 0x0000000094600000, 0x0000000094700000|  0%| F|  |TAMS 0x0000000094600000| PB 0x0000000094600000| Untracked |  0
| 327|0x0000000094700000, 0x0000000094700000, 0x0000000094800000|  0%| F|  |TAMS 0x0000000094700000| PB 0x0000000094700000| Untracked |  0
| 328|0x0000000094800000, 0x0000000094800000, 0x0000000094900000|  0%| F|  |TAMS 0x0000000094800000| PB 0x0000000094800000| Untracked |  0
| 329|0x0000000094900000, 0x0000000094900000, 0x0000000094a00000|  0%| F|  |TAMS 0x0000000094900000| PB 0x0000000094900000| Untracked |  0
| 330|0x0000000094a00000, 0x0000000094a00000, 0x0000000094b00000|  0%| F|  |TAMS 0x0000000094a00000| PB 0x0000000094a00000| Untracked |  0
| 331|0x0000000094b00000, 0x0000000094b00000, 0x0000000094c00000|  0%| F|  |TAMS 0x0000000094b00000| PB 0x0000000094b00000| Untracked |  0
| 332|0x0000000094c00000, 0x0000000094c00000, 0x0000000094d00000|  0%| F|  |TAMS 0x0000000094c00000| PB 0x0000000094c00000| Untracked |  0
| 333|0x0000000094d00000, 0x0000000094d00000, 0x0000000094e00000|  0%| F|  |TAMS 0x0000000094d00000| PB 0x0000000094d00000| Untracked |  0
| 334|0x0000000094e00000, 0x0000000094e00000, 0x0000000094f00000|  0%| F|  |TAMS 0x0000000094e00000| PB 0x0000000094e00000| Untracked |  0
| 335|0x0000000094f00000, 0x0000000094f00000, 0x0000000095000000|  0%| F|  |TAMS 0x0000000094f00000| PB 0x0000000094f00000| Untracked |  0
| 336|0x0000000095000000, 0x0000000095000000, 0x0000000095100000|  0%| F|  |TAMS 0x0000000095000000| PB 0x0000000095000000| Untracked |  0
| 337|0x0000000095100000, 0x0000000095100000, 0x0000000095200000|  0%| F|  |TAMS 0x0000000095100000| PB 0x0000000095100000| Untracked |  0
| 338|0x0000000095200000, 0x0000000095200000, 0x0000000095300000|  0%| F|  |TAMS 0x0000000095200000| PB 0x0000000095200000| Untracked |  0
| 339|0x0000000095300000, 0x0000000095300000, 0x0000000095400000|  0%| F|  |TAMS 0x0000000095300000| PB 0x0000000095300000| Untracked |  0
| 340|0x0000000095400000, 0x0000000095400000, 0x0000000095500000|  0%| F|  |TAMS 0x0000000095400000| PB 0x0000000095400000| Untracked |  0
| 341|0x0000000095500000, 0x0000000095500000, 0x0000000095600000|  0%| F|  |TAMS 0x0000000095500000| PB 0x0000000095500000| Untracked |  0
| 342|0x0000000095600000, 0x0000000095600000, 0x0000000095700000|  0%| F|  |TAMS 0x0000000095600000| PB 0x0000000095600000| Untracked |  0
| 343|0x0000000095700000, 0x0000000095700000, 0x0000000095800000|  0%| F|  |TAMS 0x0000000095700000| PB 0x0000000095700000| Untracked |  0
| 344|0x0000000095800000, 0x0000000095800000, 0x0000000095900000|  0%| F|  |TAMS 0x0000000095800000| PB 0x0000000095800000| Untracked |  0
| 345|0x0000000095900000, 0x0000000095900000, 0x0000000095a00000|  0%| F|  |TAMS 0x0000000095900000| PB 0x0000000095900000| Untracked |  0
| 346|0x0000000095a00000, 0x0000000095a00000, 0x0000000095b00000|  0%| F|  |TAMS 0x0000000095a00000| PB 0x0000000095a00000| Untracked |  0
| 347|0x0000000095b00000, 0x0000000095b00000, 0x0000000095c00000|  0%| F|  |TAMS 0x0000000095b00000| PB 0x0000000095b00000| Untracked |  0
| 348|0x0000000095c00000, 0x0000000095c00000, 0x0000000095d00000|  0%| F|  |TAMS 0x0000000095c00000| PB 0x0000000095c00000| Untracked |  0
| 349|0x0000000095d00000, 0x0000000095d00000, 0x0000000095e00000|  0%| F|  |TAMS 0x0000000095d00000| PB 0x0000000095d00000| Untracked |  0
| 350|0x0000000095e00000, 0x0000000095e00000, 0x0000000095f00000|  0%| F|  |TAMS 0x0000000095e00000| PB 0x0000000095e00000| Untracked |  0
| 351|0x0000000095f00000, 0x0000000095f00000, 0x0000000096000000|  0%| F|  |TAMS 0x0000000095f00000| PB 0x0000000095f00000| Untracked |  0
| 352|0x0000000096000000, 0x0000000096000000, 0x0000000096100000|  0%| F|  |TAMS 0x0000000096000000| PB 0x0000000096000000| Untracked |  0
| 353|0x0000000096100000, 0x0000000096100000, 0x0000000096200000|  0%| F|  |TAMS 0x0000000096100000| PB 0x0000000096100000| Untracked |  0
| 354|0x0000000096200000, 0x0000000096200000, 0x0000000096300000|  0%| F|  |TAMS 0x0000000096200000| PB 0x0000000096200000| Untracked |  0
| 355|0x0000000096300000, 0x0000000096300000, 0x0000000096400000|  0%| F|  |TAMS 0x0000000096300000| PB 0x0000000096300000| Untracked |  0
| 356|0x0000000096400000, 0x0000000096400000, 0x0000000096500000|  0%| F|  |TAMS 0x0000000096400000| PB 0x0000000096400000| Untracked |  0
| 357|0x0000000096500000, 0x0000000096500000, 0x0000000096600000|  0%| F|  |TAMS 0x0000000096500000| PB 0x0000000096500000| Untracked |  0
| 358|0x0000000096600000, 0x0000000096600000, 0x0000000096700000|  0%| F|  |TAMS 0x0000000096600000| PB 0x0000000096600000| Untracked |  0
| 359|0x0000000096700000, 0x0000000096700000, 0x0000000096800000|  0%| F|  |TAMS 0x0000000096700000| PB 0x0000000096700000| Untracked |  0
| 360|0x0000000096800000, 0x0000000096800000, 0x0000000096900000|  0%| F|  |TAMS 0x0000000096800000| PB 0x0000000096800000| Untracked |  0
| 361|0x0000000096900000, 0x0000000096900000, 0x0000000096a00000|  0%| F|  |TAMS 0x0000000096900000| PB 0x0000000096900000| Untracked |  0
| 362|0x0000000096a00000, 0x0000000096a00000, 0x0000000096b00000|  0%| F|  |TAMS 0x0000000096a00000| PB 0x0000000096a00000| Untracked |  0
| 363|0x0000000096b00000, 0x0000000096b00000, 0x0000000096c00000|  0%| F|  |TAMS 0x0000000096b00000| PB 0x0000000096b00000| Untracked |  0
| 364|0x0000000096c00000, 0x0000000096c00000, 0x0000000096d00000|  0%| F|  |TAMS 0x0000000096c00000| PB 0x0000000096c00000| Untracked |  0
| 365|0x0000000096d00000, 0x0000000096d00000, 0x0000000096e00000|  0%| F|  |TAMS 0x0000000096d00000| PB 0x0000000096d00000| Untracked |  0
| 366|0x0000000096e00000, 0x0000000096e00000, 0x0000000096f00000|  0%| F|  |TAMS 0x0000000096e00000| PB 0x0000000096e00000| Untracked |  0
| 367|0x0000000096f00000, 0x0000000096f00000, 0x0000000097000000|  0%| F|  |TAMS 0x0000000096f00000| PB 0x0000000096f00000| Untracked |  0
| 368|0x0000000097000000, 0x0000000097000000, 0x0000000097100000|  0%| F|  |TAMS 0x0000000097000000| PB 0x0000000097000000| Untracked |  0
| 369|0x0000000097100000, 0x0000000097100000, 0x0000000097200000|  0%| F|  |TAMS 0x0000000097100000| PB 0x0000000097100000| Untracked |  0
| 370|0x0000000097200000, 0x0000000097200000, 0x0000000097300000|  0%| F|  |TAMS 0x0000000097200000| PB 0x0000000097200000| Untracked |  0
| 371|0x0000000097300000, 0x0000000097300000, 0x0000000097400000|  0%| F|  |TAMS 0x0000000097300000| PB 0x0000000097300000| Untracked |  0
| 372|0x0000000097400000, 0x0000000097400000, 0x0000000097500000|  0%| F|  |TAMS 0x0000000097400000| PB 0x0000000097400000| Untracked |  0
| 373|0x0000000097500000, 0x0000000097500000, 0x0000000097600000|  0%| F|  |TAMS 0x0000000097500000| PB 0x0000000097500000| Untracked |  0
| 374|0x0000000097600000, 0x0000000097600000, 0x0000000097700000|  0%| F|  |TAMS 0x0000000097600000| PB 0x0000000097600000| Untracked |  0
| 375|0x0000000097700000, 0x0000000097700000, 0x0000000097800000|  0%| F|  |TAMS 0x0000000097700000| PB 0x0000000097700000| Untracked |  0
| 376|0x0000000097800000, 0x0000000097800000, 0x0000000097900000|  0%| F|  |TAMS 0x0000000097800000| PB 0x0000000097800000| Untracked |  0
| 377|0x0000000097900000, 0x0000000097900000, 0x0000000097a00000|  0%| F|  |TAMS 0x0000000097900000| PB 0x0000000097900000| Untracked |  0
| 378|0x0000000097a00000, 0x0000000097a00000, 0x0000000097b00000|  0%| F|  |TAMS 0x0000000097a00000| PB 0x0000000097a00000| Untracked |  0
| 379|0x0000000097b00000, 0x0000000097b4c4a0, 0x0000000097c00000| 29%| S|CS|TAMS 0x0000000097b00000| PB 0x0000000097b00000| Complete |  0
| 380|0x0000000097c00000, 0x0000000097d00000, 0x0000000097d00000|100%| S|CS|TAMS 0x0000000097c00000| PB 0x0000000097c00000| Complete |  0
| 381|0x0000000097d00000, 0x0000000097e00000, 0x0000000097e00000|100%| S|CS|TAMS 0x0000000097d00000| PB 0x0000000097d00000| Complete |  0
| 382|0x0000000097e00000, 0x0000000097f00000, 0x0000000097f00000|100%| S|CS|TAMS 0x0000000097e00000| PB 0x0000000097e00000| Complete |  0
| 383|0x0000000097f00000, 0x0000000097f00000, 0x0000000098000000|  0%| F|  |TAMS 0x0000000097f00000| PB 0x0000000097f00000| Untracked |  0
| 384|0x0000000098000000, 0x0000000098000000, 0x0000000098100000|  0%| F|  |TAMS 0x0000000098000000| PB 0x0000000098000000| Untracked |  0
| 385|0x0000000098100000, 0x0000000098100000, 0x0000000098200000|  0%| F|  |TAMS 0x0000000098100000| PB 0x0000000098100000| Untracked |  0
| 386|0x0000000098200000, 0x0000000098200000, 0x0000000098300000|  0%| F|  |TAMS 0x0000000098200000| PB 0x0000000098200000| Untracked |  0
| 387|0x0000000098300000, 0x0000000098300000, 0x0000000098400000|  0%| F|  |TAMS 0x0000000098300000| PB 0x0000000098300000| Untracked |  0
| 388|0x0000000098400000, 0x0000000098400000, 0x0000000098500000|  0%| F|  |TAMS 0x0000000098400000| PB 0x0000000098400000| Untracked |  0
| 389|0x0000000098500000, 0x0000000098500000, 0x0000000098600000|  0%| F|  |TAMS 0x0000000098500000| PB 0x0000000098500000| Untracked |  0
| 390|0x0000000098600000, 0x0000000098600000, 0x0000000098700000|  0%| F|  |TAMS 0x0000000098600000| PB 0x0000000098600000| Untracked |  0
| 391|0x0000000098700000, 0x0000000098700000, 0x0000000098800000|  0%| F|  |TAMS 0x0000000098700000| PB 0x0000000098700000| Untracked |  0
| 392|0x0000000098800000, 0x0000000098800000, 0x0000000098900000|  0%| F|  |TAMS 0x0000000098800000| PB 0x0000000098800000| Untracked |  0
| 393|0x0000000098900000, 0x0000000098900000, 0x0000000098a00000|  0%| F|  |TAMS 0x0000000098900000| PB 0x0000000098900000| Untracked |  0
| 394|0x0000000098a00000, 0x0000000098a00000, 0x0000000098b00000|  0%| F|  |TAMS 0x0000000098a00000| PB 0x0000000098a00000| Untracked |  0
| 395|0x0000000098b00000, 0x0000000098b00000, 0x0000000098c00000|  0%| F|  |TAMS 0x0000000098b00000| PB 0x0000000098b00000| Untracked |  0
| 396|0x0000000098c00000, 0x0000000098c00000, 0x0000000098d00000|  0%| F|  |TAMS 0x0000000098c00000| PB 0x0000000098c00000| Untracked |  0
| 397|0x0000000098d00000, 0x0000000098d00000, 0x0000000098e00000|  0%| F|  |TAMS 0x0000000098d00000| PB 0x0000000098d00000| Untracked |  0
| 398|0x0000000098e00000, 0x0000000098e00000, 0x0000000098f00000|  0%| F|  |TAMS 0x0000000098e00000| PB 0x0000000098e00000| Untracked |  0
| 399|0x0000000098f00000, 0x0000000098f00000, 0x0000000099000000|  0%| F|  |TAMS 0x0000000098f00000| PB 0x0000000098f00000| Untracked |  0
| 400|0x0000000099000000, 0x0000000099000000, 0x0000000099100000|  0%| F|  |TAMS 0x0000000099000000| PB 0x0000000099000000| Untracked |  0
| 401|0x0000000099100000, 0x0000000099100000, 0x0000000099200000|  0%| F|  |TAMS 0x0000000099100000| PB 0x0000000099100000| Untracked |  0
| 402|0x0000000099200000, 0x0000000099200000, 0x0000000099300000|  0%| F|  |TAMS 0x0000000099200000| PB 0x0000000099200000| Untracked |  0
| 403|0x0000000099300000, 0x0000000099300000, 0x0000000099400000|  0%| F|  |TAMS 0x0000000099300000| PB 0x0000000099300000| Untracked |  0
| 404|0x0000000099400000, 0x0000000099400000, 0x0000000099500000|  0%| F|  |TAMS 0x0000000099400000| PB 0x0000000099400000| Untracked |  0
| 405|0x0000000099500000, 0x0000000099500000, 0x0000000099600000|  0%| F|  |TAMS 0x0000000099500000| PB 0x0000000099500000| Untracked |  0
| 406|0x0000000099600000, 0x0000000099600000, 0x0000000099700000|  0%| F|  |TAMS 0x0000000099600000| PB 0x0000000099600000| Untracked |  0
| 407|0x0000000099700000, 0x0000000099700000, 0x0000000099800000|  0%| F|  |TAMS 0x0000000099700000| PB 0x0000000099700000| Untracked |  0
| 408|0x0000000099800000, 0x0000000099800000, 0x0000000099900000|  0%| F|  |TAMS 0x0000000099800000| PB 0x0000000099800000| Untracked |  0
| 409|0x0000000099900000, 0x0000000099900000, 0x0000000099a00000|  0%| F|  |TAMS 0x0000000099900000| PB 0x0000000099900000| Untracked |  0
| 410|0x0000000099a00000, 0x0000000099a00000, 0x0000000099b00000|  0%| F|  |TAMS 0x0000000099a00000| PB 0x0000000099a00000| Untracked |  0
| 411|0x0000000099b00000, 0x0000000099b00000, 0x0000000099c00000|  0%| F|  |TAMS 0x0000000099b00000| PB 0x0000000099b00000| Untracked |  0
| 412|0x0000000099c00000, 0x0000000099c78900, 0x0000000099d00000| 47%| E|  |TAMS 0x0000000099c00000| PB 0x0000000099c00000| Complete |  0
| 413|0x0000000099d00000, 0x0000000099e00000, 0x0000000099e00000|100%| E|CS|TAMS 0x0000000099d00000| PB 0x0000000099d00000| Complete |  0
| 414|0x0000000099e00000, 0x0000000099f00000, 0x0000000099f00000|100%| E|CS|TAMS 0x0000000099e00000| PB 0x0000000099e00000| Complete |  0
| 415|0x0000000099f00000, 0x000000009a000000, 0x000000009a000000|100%| E|CS|TAMS 0x0000000099f00000| PB 0x0000000099f00000| Complete |  0
| 416|0x000000009a000000, 0x000000009a100000, 0x000000009a100000|100%| E|CS|TAMS 0x000000009a000000| PB 0x000000009a000000| Complete |  0
| 417|0x000000009a100000, 0x000000009a200000, 0x000000009a200000|100%| E|CS|TAMS 0x000000009a100000| PB 0x000000009a100000| Complete |  0
| 418|0x000000009a200000, 0x000000009a300000, 0x000000009a300000|100%| E|CS|TAMS 0x000000009a200000| PB 0x000000009a200000| Complete |  0
| 419|0x000000009a300000, 0x000000009a400000, 0x000000009a400000|100%| E|CS|TAMS 0x000000009a300000| PB 0x000000009a300000| Complete |  0
| 420|0x000000009a400000, 0x000000009a500000, 0x000000009a500000|100%| E|CS|TAMS 0x000000009a400000| PB 0x000000009a400000| Complete |  0
| 421|0x000000009a500000, 0x000000009a600000, 0x000000009a600000|100%| E|CS|TAMS 0x000000009a500000| PB 0x000000009a500000| Complete |  0
| 422|0x000000009a600000, 0x000000009a700000, 0x000000009a700000|100%| E|CS|TAMS 0x000000009a600000| PB 0x000000009a600000| Complete |  0
| 423|0x000000009a700000, 0x000000009a800000, 0x000000009a800000|100%| E|CS|TAMS 0x000000009a700000| PB 0x000000009a700000| Complete |  0
| 424|0x000000009a800000, 0x000000009a900000, 0x000000009a900000|100%| E|CS|TAMS 0x000000009a800000| PB 0x000000009a800000| Complete |  0
| 425|0x000000009a900000, 0x000000009aa00000, 0x000000009aa00000|100%| E|CS|TAMS 0x000000009a900000| PB 0x000000009a900000| Complete |  0
| 426|0x000000009aa00000, 0x000000009ab00000, 0x000000009ab00000|100%| E|CS|TAMS 0x000000009aa00000| PB 0x000000009aa00000| Complete |  0
| 427|0x000000009ab00000, 0x000000009ac00000, 0x000000009ac00000|100%| E|CS|TAMS 0x000000009ab00000| PB 0x000000009ab00000| Complete |  0
| 428|0x000000009ac00000, 0x000000009ad00000, 0x000000009ad00000|100%| E|CS|TAMS 0x000000009ac00000| PB 0x000000009ac00000| Complete |  0
| 429|0x000000009ad00000, 0x000000009ae00000, 0x000000009ae00000|100%| E|CS|TAMS 0x000000009ad00000| PB 0x000000009ad00000| Complete |  0
| 430|0x000000009ae00000, 0x000000009af00000, 0x000000009af00000|100%| E|CS|TAMS 0x000000009ae00000| PB 0x000000009ae00000| Complete |  0
| 431|0x000000009af00000, 0x000000009b000000, 0x000000009b000000|100%| E|CS|TAMS 0x000000009af00000| PB 0x000000009af00000| Complete |  0
| 432|0x000000009b000000, 0x000000009b100000, 0x000000009b100000|100%| E|CS|TAMS 0x000000009b000000| PB 0x000000009b000000| Complete |  0
| 433|0x000000009b100000, 0x000000009b200000, 0x000000009b200000|100%| E|CS|TAMS 0x000000009b100000| PB 0x000000009b100000| Complete |  0
| 434|0x000000009b200000, 0x000000009b300000, 0x000000009b300000|100%| E|CS|TAMS 0x000000009b200000| PB 0x000000009b200000| Complete |  0
| 435|0x000000009b300000, 0x000000009b400000, 0x000000009b400000|100%| E|CS|TAMS 0x000000009b300000| PB 0x000000009b300000| Complete |  0
| 436|0x000000009b400000, 0x000000009b500000, 0x000000009b500000|100%| E|CS|TAMS 0x000000009b400000| PB 0x000000009b400000| Complete |  0
| 437|0x000000009b500000, 0x000000009b600000, 0x000000009b600000|100%| E|CS|TAMS 0x000000009b500000| PB 0x000000009b500000| Complete |  0
| 438|0x000000009b600000, 0x000000009b700000, 0x000000009b700000|100%| E|CS|TAMS 0x000000009b600000| PB 0x000000009b600000| Complete |  0
| 439|0x000000009b700000, 0x000000009b800000, 0x000000009b800000|100%| E|CS|TAMS 0x000000009b700000| PB 0x000000009b700000| Complete |  0
| 440|0x000000009b800000, 0x000000009b900000, 0x000000009b900000|100%| E|CS|TAMS 0x000000009b800000| PB 0x000000009b800000| Complete |  0
| 441|0x000000009b900000, 0x000000009ba00000, 0x000000009ba00000|100%| E|CS|TAMS 0x000000009b900000| PB 0x000000009b900000| Complete |  0
| 442|0x000000009ba00000, 0x000000009bb00000, 0x000000009bb00000|100%| E|CS|TAMS 0x000000009ba00000| PB 0x000000009ba00000| Complete |  0
| 443|0x000000009bb00000, 0x000000009bc00000, 0x000000009bc00000|100%| E|CS|TAMS 0x000000009bb00000| PB 0x000000009bb00000| Complete |  0
| 444|0x000000009bc00000, 0x000000009bd00000, 0x000000009bd00000|100%| E|CS|TAMS 0x000000009bc00000| PB 0x000000009bc00000| Complete |  0
| 445|0x000000009bd00000, 0x000000009be00000, 0x000000009be00000|100%| E|CS|TAMS 0x000000009bd00000| PB 0x000000009bd00000| Complete |  0
| 446|0x000000009be00000, 0x000000009bf00000, 0x000000009bf00000|100%| E|CS|TAMS 0x000000009be00000| PB 0x000000009be00000| Complete |  0
| 447|0x000000009bf00000, 0x000000009c000000, 0x000000009c000000|100%| E|CS|TAMS 0x000000009bf00000| PB 0x000000009bf00000| Complete |  0
| 448|0x000000009c000000, 0x000000009c100000, 0x000000009c100000|100%| E|CS|TAMS 0x000000009c000000| PB 0x000000009c000000| Complete |  0
| 449|0x000000009c100000, 0x000000009c200000, 0x000000009c200000|100%| E|CS|TAMS 0x000000009c100000| PB 0x000000009c100000| Complete |  0
| 450|0x000000009c200000, 0x000000009c300000, 0x000000009c300000|100%| E|CS|TAMS 0x000000009c200000| PB 0x000000009c200000| Complete |  0
| 451|0x000000009c300000, 0x000000009c400000, 0x000000009c400000|100%| E|CS|TAMS 0x000000009c300000| PB 0x000000009c300000| Complete |  0
| 452|0x000000009c400000, 0x000000009c500000, 0x000000009c500000|100%| E|CS|TAMS 0x000000009c400000| PB 0x000000009c400000| Complete |  0
| 453|0x000000009c500000, 0x000000009c600000, 0x000000009c600000|100%| E|CS|TAMS 0x000000009c500000| PB 0x000000009c500000| Complete |  0
| 454|0x000000009c600000, 0x000000009c700000, 0x000000009c700000|100%| E|CS|TAMS 0x000000009c600000| PB 0x000000009c600000| Complete |  0
| 455|0x000000009c700000, 0x000000009c800000, 0x000000009c800000|100%| E|CS|TAMS 0x000000009c700000| PB 0x000000009c700000| Complete |  0
| 456|0x000000009c800000, 0x000000009c900000, 0x000000009c900000|100%| E|CS|TAMS 0x000000009c800000| PB 0x000000009c800000| Complete |  0
| 457|0x000000009c900000, 0x000000009ca00000, 0x000000009ca00000|100%| E|CS|TAMS 0x000000009c900000| PB 0x000000009c900000| Complete |  0
| 458|0x000000009ca00000, 0x000000009cb00000, 0x000000009cb00000|100%| E|CS|TAMS 0x000000009ca00000| PB 0x000000009ca00000| Complete |  0
| 459|0x000000009cb00000, 0x000000009cc00000, 0x000000009cc00000|100%| E|CS|TAMS 0x000000009cb00000| PB 0x000000009cb00000| Complete |  0
| 460|0x000000009cc00000, 0x000000009cd00000, 0x000000009cd00000|100%| E|CS|TAMS 0x000000009cc00000| PB 0x000000009cc00000| Complete |  0
| 461|0x000000009cd00000, 0x000000009ce00000, 0x000000009ce00000|100%| E|CS|TAMS 0x000000009cd00000| PB 0x000000009cd00000| Complete |  0
| 462|0x000000009ce00000, 0x000000009cf00000, 0x000000009cf00000|100%| E|CS|TAMS 0x000000009ce00000| PB 0x000000009ce00000| Complete |  0
| 463|0x000000009cf00000, 0x000000009d000000, 0x000000009d000000|100%| E|CS|TAMS 0x000000009cf00000| PB 0x000000009cf00000| Complete |  0
| 464|0x000000009d000000, 0x000000009d100000, 0x000000009d100000|100%| E|CS|TAMS 0x000000009d000000| PB 0x000000009d000000| Complete |  0
| 465|0x000000009d100000, 0x000000009d200000, 0x000000009d200000|100%| E|CS|TAMS 0x000000009d100000| PB 0x000000009d100000| Complete |  0
| 466|0x000000009d200000, 0x000000009d300000, 0x000000009d300000|100%| E|CS|TAMS 0x000000009d200000| PB 0x000000009d200000| Complete |  0
| 467|0x000000009d300000, 0x000000009d400000, 0x000000009d400000|100%| E|CS|TAMS 0x000000009d300000| PB 0x000000009d300000| Complete |  0
| 468|0x000000009d400000, 0x000000009d500000, 0x000000009d500000|100%| E|CS|TAMS 0x000000009d400000| PB 0x000000009d400000| Complete |  0
| 469|0x000000009d500000, 0x000000009d600000, 0x000000009d600000|100%| E|CS|TAMS 0x000000009d500000| PB 0x000000009d500000| Complete |  0
| 470|0x000000009d600000, 0x000000009d700000, 0x000000009d700000|100%| E|CS|TAMS 0x000000009d600000| PB 0x000000009d600000| Complete |  0
| 471|0x000000009d700000, 0x000000009d800000, 0x000000009d800000|100%| E|CS|TAMS 0x000000009d700000| PB 0x000000009d700000| Complete |  0
| 472|0x000000009d800000, 0x000000009d900000, 0x000000009d900000|100%| E|CS|TAMS 0x000000009d800000| PB 0x000000009d800000| Complete |  0
| 583|0x00000000a4700000, 0x00000000a4800000, 0x00000000a4800000|100%| E|CS|TAMS 0x00000000a4700000| PB 0x00000000a4700000| Complete |  0
| 584|0x00000000a4800000, 0x00000000a4900000, 0x00000000a4900000|100%| E|CS|TAMS 0x00000000a4800000| PB 0x00000000a4800000| Complete |  0
| 585|0x00000000a4900000, 0x00000000a4a00000, 0x00000000a4a00000|100%| E|CS|TAMS 0x00000000a4900000| PB 0x00000000a4900000| Complete |  0
| 586|0x00000000a4a00000, 0x00000000a4b00000, 0x00000000a4b00000|100%| E|CS|TAMS 0x00000000a4a00000| PB 0x00000000a4a00000| Complete |  0
| 587|0x00000000a4b00000, 0x00000000a4c00000, 0x00000000a4c00000|100%| E|CS|TAMS 0x00000000a4b00000| PB 0x00000000a4b00000| Complete |  0
| 588|0x00000000a4c00000, 0x00000000a4d00000, 0x00000000a4d00000|100%| E|CS|TAMS 0x00000000a4c00000| PB 0x00000000a4c00000| Complete |  0
| 589|0x00000000a4d00000, 0x00000000a4e00000, 0x00000000a4e00000|100%| E|CS|TAMS 0x00000000a4d00000| PB 0x00000000a4d00000| Complete |  0
|2011|0x00000000fdb00000, 0x00000000fdc00000, 0x00000000fdc00000|100%| O|Cm|TAMS 0x00000000fdb00000| PB 0x00000000fdb00000| Complete |  0
|2012|0x00000000fdc00000, 0x00000000fdd00000, 0x00000000fdd00000|100%| O|Cm|TAMS 0x00000000fdc00000| PB 0x00000000fdc00000| Complete |  0
|2013|0x00000000fdd00000, 0x00000000fde00000, 0x00000000fde00000|100%| O|  |TAMS 0x00000000fdd00000| PB 0x00000000fdd00000| Untracked |  0
|2014|0x00000000fde00000, 0x00000000fdf00000, 0x00000000fdf00000|100%| O|  |TAMS 0x00000000fde00000| PB 0x00000000fde00000| Untracked |  0
|2015|0x00000000fdf00000, 0x00000000fe000000, 0x00000000fe000000|100%| O|  |TAMS 0x00000000fdf00000| PB 0x00000000fdf00000| Untracked |  0
|2016|0x00000000fe000000, 0x00000000fe100000, 0x00000000fe100000|100%| O|  |TAMS 0x00000000fe000000| PB 0x00000000fe000000| Untracked |  0
|2017|0x00000000fe100000, 0x00000000fe200000, 0x00000000fe200000|100%| O|  |TAMS 0x00000000fe100000| PB 0x00000000fe100000| Untracked |  0
|2018|0x00000000fe200000, 0x00000000fe300000, 0x00000000fe300000|100%| O|  |TAMS 0x00000000fe200000| PB 0x00000000fe200000| Untracked |  0
|2019|0x00000000fe300000, 0x00000000fe400000, 0x00000000fe400000|100%| O|  |TAMS 0x00000000fe300000| PB 0x00000000fe300000| Untracked |  0
|2020|0x00000000fe400000, 0x00000000fe500000, 0x00000000fe500000|100%| O|  |TAMS 0x00000000fe400000| PB 0x00000000fe400000| Untracked |  0
|2021|0x00000000fe500000, 0x00000000fe600000, 0x00000000fe600000|100%| O|  |TAMS 0x00000000fe500000| PB 0x00000000fe500000| Untracked |  0
|2022|0x00000000fe600000, 0x00000000fe700000, 0x00000000fe700000|100%| O|  |TAMS 0x00000000fe600000| PB 0x00000000fe600000| Untracked |  0
|2023|0x00000000fe700000, 0x00000000fe800000, 0x00000000fe800000|100%| O|  |TAMS 0x00000000fe700000| PB 0x00000000fe700000| Untracked |  0
|2024|0x00000000fe800000, 0x00000000fe900000, 0x00000000fe900000|100%| O|  |TAMS 0x00000000fe800000| PB 0x00000000fe800000| Untracked |  0
|2025|0x00000000fe900000, 0x00000000fea00000, 0x00000000fea00000|100%| O|  |TAMS 0x00000000fe900000| PB 0x00000000fe900000| Untracked |  0
|2026|0x00000000fea00000, 0x00000000feb00000, 0x00000000feb00000|100%| O|  |TAMS 0x00000000fea00000| PB 0x00000000fea00000| Untracked |  0
|2027|0x00000000feb00000, 0x00000000fec00000, 0x00000000fec00000|100%| O|  |TAMS 0x00000000feb00000| PB 0x00000000feb00000| Untracked |  0
|2028|0x00000000fec00000, 0x00000000fed00000, 0x00000000fed00000|100%| O|  |TAMS 0x00000000fec00000| PB 0x00000000fec00000| Untracked |  0
|2029|0x00000000fed00000, 0x00000000fee00000, 0x00000000fee00000|100%| O|  |TAMS 0x00000000fed00000| PB 0x00000000fed00000| Untracked |  0
|2030|0x00000000fee00000, 0x00000000fef00000, 0x00000000fef00000|100%| O|  |TAMS 0x00000000fee00000| PB 0x00000000fee00000| Untracked |  0
|2031|0x00000000fef00000, 0x00000000ff000000, 0x00000000ff000000|100%| O|  |TAMS 0x00000000fef00000| PB 0x00000000fef00000| Untracked |  0
|2032|0x00000000ff000000, 0x00000000ff100000, 0x00000000ff100000|100%| O|  |TAMS 0x00000000ff000000| PB 0x00000000ff000000| Untracked |  0
|2033|0x00000000ff100000, 0x00000000ff200000, 0x00000000ff200000|100%| O|  |TAMS 0x00000000ff100000| PB 0x00000000ff100000| Untracked |  0
|2034|0x00000000ff200000, 0x00000000ff300000, 0x00000000ff300000|100%| O|  |TAMS 0x00000000ff200000| PB 0x00000000ff200000| Untracked |  0
|2035|0x00000000ff300000, 0x00000000ff400000, 0x00000000ff400000|100%| E|CS|TAMS 0x00000000ff300000| PB 0x00000000ff300000| Complete |  0
|2036|0x00000000ff400000, 0x00000000ff500000, 0x00000000ff500000|100%| O|  |TAMS 0x00000000ff400000| PB 0x00000000ff400000| Untracked |  0
|2037|0x00000000ff500000, 0x00000000ff600000, 0x00000000ff600000|100%| O|  |TAMS 0x00000000ff500000| PB 0x00000000ff500000| Untracked |  0
|2038|0x00000000ff600000, 0x00000000ff700000, 0x00000000ff700000|100%| E|CS|TAMS 0x00000000ff600000| PB 0x00000000ff600000| Complete |  0
|2039|0x00000000ff700000, 0x00000000ff800000, 0x00000000ff800000|100%| O|  |TAMS 0x00000000ff700000| PB 0x00000000ff700000| Untracked |  0
|2040|0x00000000ff800000, 0x00000000ff900000, 0x00000000ff900000|100%| O|  |TAMS 0x00000000ff800000| PB 0x00000000ff800000| Untracked |  0
|2041|0x00000000ff900000, 0x00000000ffa00000, 0x00000000ffa00000|100%| O|  |TAMS 0x00000000ff900000| PB 0x00000000ff900000| Untracked |  0
|2042|0x00000000ffa00000, 0x00000000ffb00000, 0x00000000ffb00000|100%| O|  |TAMS 0x00000000ffa00000| PB 0x00000000ffa00000| Untracked |  0
|2043|0x00000000ffb00000, 0x00000000ffc00000, 0x00000000ffc00000|100%| O|  |TAMS 0x00000000ffb00000| PB 0x00000000ffb00000| Untracked |  0
|2044|0x00000000ffc00000, 0x00000000ffd00000, 0x00000000ffd00000|100%| O|  |TAMS 0x00000000ffc00000| PB 0x00000000ffc00000| Untracked |  0
|2045|0x00000000ffd00000, 0x00000000ffe00000, 0x00000000ffe00000|100%| O|  |TAMS 0x00000000ffd00000| PB 0x00000000ffd00000| Untracked |  0
|2046|0x00000000ffe00000, 0x00000000fff00000, 0x00000000fff00000|100%| O|  |TAMS 0x00000000ffe00000| PB 0x00000000ffe00000| Untracked |  0
|2047|0x00000000fff00000, 0x0000000100000000, 0x0000000100000000|100%| E|CS|TAMS 0x00000000fff00000| PB 0x00000000fff00000| Complete |  0

Card table byte_map: [0x000002abf08e0000,0x000002abf0ce0000] _byte_map_base: 0x000002abf04e0000

Marking Bits: (CMBitMap*) 0x000002abcaa18230
 Bits: [0x000002abf0ce0000, 0x000002abf2ce0000)

Polling page: 0x000002abc8540000

Metaspace:
Metaspace        used 272814K, committed 277440K, reserved 1310720K
 class space     used 36432K, committed 38272K, reserved 1048576K

Usage:
  Non-class:    230.84 MB used.
      Class:     35.58 MB used.
       Both:    266.42 MB used.

Virtual space:
  Non-class space:      256.00 MB reserved,     233.56 MB ( 91%) committed,  4 nodes.
      Class space:        1.00 GB reserved,      37.38 MB (  4%) committed,  1 nodes.
             Both:        1.25 GB reserved,     270.94 MB ( 21%) committed. 

Chunk freelists:
   Non-Class:  6.03 MB
       Class:  10.53 MB
        Both:  16.56 MB

MaxMetaspaceSize: unlimited
CompressedClassSpaceSize: 1.00 GB
Initial GC threshold: 21.00 MB
Current GC threshold: 449.19 MB
CDS: on
 - commit_granule_bytes: 65536.
 - commit_granule_words: 8192.
 - virtual_space_node_default_size: 8388608.
 - enlarge_chunks_in_place: 1.
UseCompressedClassPointers 1, UseCompactObjectHeaders 0
Narrow klass pointer bits 32, Max shift 3
Narrow klass base: 0x000000001a000000, Narrow klass shift: 0
Encoding Range: [0x000000001a000000 - 0x000000011a000000), (4294967296 bytes)
Klass Range:    [0x000000001a010000 - 0x000000005c000000), (1107230720 bytes)
Klass ID Range:  [65536 - 1107296249) (1107230713)
Protection zone: [0x000000001a000000 - 0x000000001a010000), (65536 bytes)


Internal statistics:

num_allocs_failed_limit: 65.
num_arena_births: 3738.
num_arena_deaths: 194.
num_vsnodes_births: 5.
num_vsnodes_deaths: 0.
num_space_committed: 4329.
num_space_uncommitted: 0.
num_chunks_returned_to_freelist: 344.
num_chunks_taken_from_freelist: 17808.
num_chunk_merges: 145.
num_chunk_splits: 10276.
num_chunks_enlarged: 5290.
num_inconsistent_stats: 0.

CodeHeap 'non-profiled nmethods': size=259392Kb used=6057Kb max_used=6393Kb free=253334Kb
 bounds [0x000002abdf020000, 0x000002abdf660000, 0x000002abeed70000]
CodeHeap 'profiled nmethods': size=259264Kb used=26800Kb max_used=28935Kb free=232463Kb
 bounds [0x000002abced70000, 0x000002abd09d0000, 0x000002abdeaa0000]
CodeHeap 'non-nmethods': size=5632Kb used=3396Kb max_used=3449Kb free=2235Kb
 bounds [0x000002abdeaa0000, 0x000002abdee10000, 0x000002abdf020000]
CodeCache: size=524288Kb, used=36253Kb, max_used=38777Kb, free=488032Kb
 total_blobs=20964, nmethods=18995, adapters=1870, full_count=0
Compilation: enabled, stopped_count=0, restarted_count=0

Compilation events (20 events):
Event: 16.449 Thread 0x000002abf6942720 nmethod 22793 0x000002abcedb2a08 code [0x000002abcedb2b00, 0x000002abcedb2c60]
Event: 16.449 Thread 0x000002abf6942720 22794       2       it.unimi.dsi.fastutil.objects.Object2LongOpenHashMap$MapIterator::<init> (6 bytes)
Event: 16.450 Thread 0x000002abf6942720 nmethod 22794 0x000002abcedb6488 code [0x000002abcedb6580, 0x000002abcedb6698]
Event: 16.450 Thread 0x000002abf6942720 22795       2       it.unimi.dsi.fastutil.objects.Object2LongOpenHashMap$MapIterator::<init> (48 bytes)
Event: 16.450 Thread 0x000002abf6942720 nmethod 22795 0x000002abcedbb108 code [0x000002abcedbb200, 0x000002abcedbb378]
Event: 16.450 Thread 0x000002abf6942720 22796       2       it.unimi.dsi.fastutil.objects.Object2LongOpenHashMap::object2LongEntrySet (5 bytes)
Event: 16.450 Thread 0x000002abf6942720 nmethod 22796 0x000002abcede5808 code [0x000002abcede5900, 0x000002abcede5a20]
Event: 16.450 Thread 0x000002abf6942720 22797       2       it.unimi.dsi.fastutil.objects.Object2LongOpenHashMap::object2LongEntrySet (25 bytes)
Event: 16.450 Thread 0x000002abf6942720 nmethod 22797 0x000002abcedbcb08 code [0x000002abcedbcc00, 0x000002abcedbce30]
Event: 16.450 Thread 0x000002abf6942720 22798       2       it.unimi.dsi.fastutil.objects.Object2LongOpenHashMap$MapEntry::getKey (13 bytes)
Event: 16.450 Thread 0x000002abf6942720 nmethod 22798 0x000002abcedeca88 code [0x000002abcedecb80, 0x000002abcedeccb8]
Event: 16.450 Thread 0x000002abf6942720 22799       1       kotlinx.io.Buffer::getSize (5 bytes)
Event: 16.450 Thread 0x000002abf6942720 nmethod 22799 0x000002abdf193988 code [0x000002abdf193a80, 0x000002abdf193b48]
Event: 16.456 Thread 0x000002abf6942720 22800       1       com.intellij.internal.statistic.eventLog.EventLogGroup::getId (5 bytes)
Event: 16.456 Thread 0x000002abf6942720 nmethod 22800 0x000002abdf1a8608 code [0x000002abdf1a8700, 0x000002abdf1a87c8]
Event: 16.456 Thread 0x000002abf6942720 22801       2       com.intellij.internal.statistic.eventLog.StatisticsEventEscaper::escapeEventIdOrFieldValue (16 bytes)
Event: 16.457 Thread 0x000002abf6942720 nmethod 22801 0x000002abceda4688 code [0x000002abceda4780, 0x000002abceda4ac8]
Event: 16.457 Thread 0x000002abf6942720 22802       2       com.intellij.internal.statistic.eventLog.validator.rules.PerformanceCareRule::validate (50 bytes)
Event: 16.457 Thread 0x000002abf6942720 nmethod 22802 0x000002abcedf0a08 code [0x000002abcedf0b00, 0x000002abcedf0ce8]
Event: 16.492 Thread 0x000002abf6942720 22803       2       javax.swing.text.html.parser.Parser::legalElementContext (845 bytes)

GC Heap Usage History (20 events):
Event: 4.828 {heap Before GC invocations=17 (full 0):
 garbage-first heap   total reserved 2097152K, committed 291840K, used 252825K [0x0000000080000000, 0x0000000100000000)
  region size 1024K, 111 young (113664K), 6 survivors (6144K)
}
Event: 4.836 {heap After GC invocations=18 (full 0):
 garbage-first heap   total reserved 2097152K, committed 291840K, used 158720K [0x0000000080000000, 0x0000000100000000)
  region size 1024K, 14 young (14336K), 14 survivors (14336K)
}
Event: 6.093 {heap Before GC invocations=19 (full 0):
 garbage-first heap   total reserved 2097152K, committed 307200K, used 284672K [0x0000000080000000, 0x0000000100000000)
  region size 1024K, 111 young (113664K), 14 survivors (14336K)
}
Event: 6.106 {heap After GC invocations=20 (full 0):
 garbage-first heap   total reserved 2097152K, committed 312320K, used 196916K [0x0000000080000000, 0x0000000100000000)
  region size 1024K, 12 young (12288K), 12 survivors (12288K)
}
Event: 7.027 {heap Before GC invocations=20 (full 0):
 garbage-first heap   total reserved 2097152K, committed 312320K, used 279860K [0x0000000080000000, 0x0000000100000000)
  region size 1024K, 94 young (96256K), 12 survivors (12288K)
}
Event: 7.036 {heap After GC invocations=21 (full 0):
 garbage-first heap   total reserved 2097152K, committed 312320K, used 190362K [0x0000000080000000, 0x0000000100000000)
  region size 1024K, 10 young (10240K), 10 survivors (10240K)
}
Event: 7.804 {heap Before GC invocations=21 (full 0):
 garbage-first heap   total reserved 2097152K, committed 312320K, used 233370K [0x0000000080000000, 0x0000000100000000)
  region size 1024K, 54 young (55296K), 10 survivors (10240K)
}
Event: 7.812 {heap After GC invocations=22 (full 0):
 garbage-first heap   total reserved 2097152K, committed 312320K, used 196277K [0x0000000080000000, 0x0000000100000000)
  region size 1024K, 8 young (8192K), 8 survivors (8192K)
}
Event: 9.096 {heap Before GC invocations=23 (full 0):
 garbage-first heap   total reserved 2097152K, committed 332800K, used 283317K [0x0000000080000000, 0x0000000100000000)
  region size 1024K, 92 young (94208K), 8 survivors (8192K)
}
Event: 9.105 {heap After GC invocations=24 (full 0):
 garbage-first heap   total reserved 2097152K, committed 332800K, used 207137K [0x0000000080000000, 0x0000000100000000)
  region size 1024K, 12 young (12288K), 12 survivors (12288K)
}
Event: 13.632 {heap Before GC invocations=24 (full 0):
 garbage-first heap   total reserved 2097152K, committed 332800K, used 300321K [0x0000000080000000, 0x0000000100000000)
  region size 1024K, 103 young (105472K), 12 survivors (12288K)
}
Event: 13.649 {heap After GC invocations=25 (full 0):
 garbage-first heap   total reserved 2097152K, committed 332800K, used 217301K [0x0000000080000000, 0x0000000100000000)
  region size 1024K, 13 young (13312K), 13 survivors (13312K)
}
Event: 15.055 {heap Before GC invocations=25 (full 0):
 garbage-first heap   total reserved 2097152K, committed 332800K, used 299221K [0x0000000080000000, 0x0000000100000000)
  region size 1024K, 94 young (96256K), 13 survivors (13312K)
}
Event: 15.065 {heap After GC invocations=26 (full 0):
 garbage-first heap   total reserved 2097152K, committed 332800K, used 226765K [0x0000000080000000, 0x0000000100000000)
  region size 1024K, 10 young (10240K), 10 survivors (10240K)
}
Event: 15.314 {heap Before GC invocations=27 (full 0):
 garbage-first heap   total reserved 2097152K, committed 462848K, used 381389K [0x0000000080000000, 0x0000000100000000)
  region size 1024K, 85 young (87040K), 10 survivors (10240K)
}
Event: 15.326 {heap After GC invocations=28 (full 0):
 garbage-first heap   total reserved 2097152K, committed 462848K, used 259603K [0x0000000080000000, 0x0000000100000000)
  region size 1024K, 11 young (11264K), 11 survivors (11264K)
}
Event: 15.905 {heap Before GC invocations=28 (full 0):
 garbage-first heap   total reserved 2097152K, committed 462848K, used 461331K [0x0000000080000000, 0x0000000100000000)
  region size 1024K, 158 young (161792K), 11 survivors (11264K)
}
Event: 16.195 {heap After GC invocations=29 (full 0):
 garbage-first heap   total reserved 2097152K, committed 506880K, used 306129K [0x0000000080000000, 0x0000000100000000)
  region size 1024K, 20 young (20480K), 20 survivors (20480K)
}
Event: 16.312 {heap Before GC invocations=29 (full 0):
 garbage-first heap   total reserved 2097152K, committed 506880K, used 364497K [0x0000000080000000, 0x0000000100000000)
  region size 1024K, 78 young (79872K), 20 survivors (20480K)
}
Event: 16.320 {heap After GC invocations=30 (full 0):
 garbage-first heap   total reserved 2097152K, committed 506880K, used 311188K [0x0000000080000000, 0x0000000100000000)
  region size 1024K, 4 young (4096K), 4 survivors (4096K)
}

Metaspace Usage History (20 events):
Event: 4.828 {metaspace Before GC invocations=17 (full 0):
 Metaspace       used 150187K, committed 152832K, reserved 1245184K
  class space    used 18879K, committed 19840K, reserved 1048576K
}
Event: 4.836 {metaspace After GC invocations=18 (full 0):
 Metaspace       used 150187K, committed 152832K, reserved 1245184K
  class space    used 18879K, committed 19840K, reserved 1048576K
}
Event: 6.093 {metaspace Before GC invocations=19 (full 0):
 Metaspace       used 170205K, committed 173184K, reserved 1245184K
  class space    used 21709K, committed 22784K, reserved 1048576K
}
Event: 6.106 {metaspace After GC invocations=20 (full 0):
 Metaspace       used 170205K, committed 173184K, reserved 1245184K
  class space    used 21709K, committed 22784K, reserved 1048576K
}
Event: 7.027 {metaspace Before GC invocations=20 (full 0):
 Metaspace       used 188581K, committed 191808K, reserved 1245184K
  class space    used 24329K, committed 25536K, reserved 1048576K
}
Event: 7.036 {metaspace After GC invocations=21 (full 0):
 Metaspace       used 188581K, committed 191808K, reserved 1245184K
  class space    used 24329K, committed 25536K, reserved 1048576K
}
Event: 7.804 {metaspace Before GC invocations=21 (full 0):
 Metaspace       used 202573K, committed 206016K, reserved 1245184K
  class space    used 26429K, committed 27712K, reserved 1048576K
}
Event: 7.812 {metaspace After GC invocations=22 (full 0):
 Metaspace       used 202573K, committed 206016K, reserved 1245184K
  class space    used 26429K, committed 27712K, reserved 1048576K
}
Event: 9.096 {metaspace Before GC invocations=23 (full 0):
 Metaspace       used 219932K, committed 223872K, reserved 1245184K
  class space    used 28920K, committed 30464K, reserved 1048576K
}
Event: 9.105 {metaspace After GC invocations=24 (full 0):
 Metaspace       used 219932K, committed 223872K, reserved 1245184K
  class space    used 28920K, committed 30464K, reserved 1048576K
}
Event: 13.632 {metaspace Before GC invocations=24 (full 0):
 Metaspace       used 237588K, committed 241600K, reserved 1310720K
  class space    used 31402K, committed 32960K, reserved 1048576K
}
Event: 13.649 {metaspace After GC invocations=25 (full 0):
 Metaspace       used 237588K, committed 241600K, reserved 1310720K
  class space    used 31402K, committed 32960K, reserved 1048576K
}
Event: 15.055 {metaspace Before GC invocations=25 (full 0):
 Metaspace       used 251384K, committed 255680K, reserved 1310720K
  class space    used 33519K, committed 35200K, reserved 1048576K
}
Event: 15.065 {metaspace After GC invocations=26 (full 0):
 Metaspace       used 251384K, committed 255680K, reserved 1310720K
  class space    used 33519K, committed 35200K, reserved 1048576K
}
Event: 15.314 {metaspace Before GC invocations=27 (full 0):
 Metaspace       used 266964K, committed 271616K, reserved 1310720K
  class space    used 35670K, committed 37504K, reserved 1048576K
}
Event: 15.326 {metaspace After GC invocations=28 (full 0):
 Metaspace       used 266964K, committed 271616K, reserved 1310720K
  class space    used 35670K, committed 37504K, reserved 1048576K
}
Event: 15.905 {metaspace Before GC invocations=28 (full 0):
 Metaspace       used 270225K, committed 274816K, reserved 1310720K
  class space    used 36091K, committed 37824K, reserved 1048576K
}
Event: 16.195 {metaspace After GC invocations=29 (full 0):
 Metaspace       used 270225K, committed 274816K, reserved 1310720K
  class space    used 36091K, committed 37824K, reserved 1048576K
}
Event: 16.312 {metaspace Before GC invocations=29 (full 0):
 Metaspace       used 270672K, committed 275328K, reserved 1310720K
  class space    used 36158K, committed 37952K, reserved 1048576K
}
Event: 16.320 {metaspace After GC invocations=30 (full 0):
 Metaspace       used 270672K, committed 275328K, reserved 1310720K
  class space    used 36158K, committed 37952K, reserved 1048576K
}

Dll operation events (3 events):
Event: 0.016 Loaded shared library C:\_PROM_\DEV\JetBrains\Rider_2026_1\Rider2026.1\jbr\bin\java.dll
Event: 0.018 Loaded shared library C:\_PROM_\DEV\JetBrains\Rider_2026_1\Rider2026.1\jbr\bin\zip.dll
Event: 0.568 Loaded shared library C:\_PROM_\DEV\JetBrains\Rider_2026_1\Rider2026.1\jbr\bin\verify.dll

Deoptimization events (20 events):
Event: 16.531 Thread 0x000002abfb64f8b0 DEOPT PACKING pc=0x000002abdf6539f8 sp=0x000000d4e74fe930
Event: 16.531 Thread 0x000002abfb64f8b0 DEOPT UNPACKING pc=0x000002abdebd1682 sp=0x000000d4e74fe8a8 mode 2
Event: 16.927 Thread 0x000002aba76d66e0 Uncommon trap: trap_request=0xffffffde fr.pc=0x000002abdf2d4608 relative=0x0000000000000088
Event: 16.927 Thread 0x000002aba76d66e0 Uncommon trap: reason=class_check action=maybe_recompile pc=0x000002abdf2d4608 method=java.nio.ByteBuffer.limit(I)Ljava/nio/Buffer; @ 2 c2
Event: 16.927 Thread 0x000002aba76d66e0 DEOPT PACKING pc=0x000002abdf2d4608 sp=0x000000d4ea5feae0
Event: 16.927 Thread 0x000002aba76d66e0 DEOPT UNPACKING pc=0x000002abdebd1682 sp=0x000000d4ea5fea78 mode 2
Event: 16.927 Thread 0x000002aba76d66e0 Uncommon trap: trap_request=0xffffffde fr.pc=0x000002abdf25def4 relative=0x0000000000000074
Event: 16.927 Thread 0x000002aba76d66e0 Uncommon trap: reason=class_check action=maybe_recompile pc=0x000002abdf25def4 method=java.nio.ByteBuffer.position(I)Ljava/nio/Buffer; @ 2 c2
Event: 16.927 Thread 0x000002aba76d66e0 DEOPT PACKING pc=0x000002abdf25def4 sp=0x000000d4ea5feae0
Event: 16.927 Thread 0x000002aba76d66e0 DEOPT UNPACKING pc=0x000002abdebd1682 sp=0x000000d4ea5fea78 mode 2
Event: 17.183 Thread 0x000002ac3970a1d0 DEOPT PACKING pc=0x000002abcf5c0ef3 sp=0x000000d4eccfe8f0
Event: 17.183 Thread 0x000002ac3970a1d0 DEOPT UNPACKING pc=0x000002abdeaf12a2 sp=0x000000d4eccfdda0 mode 0
Event: 17.196 Thread 0x000002abfb6546d0 Uncommon trap: trap_request=0xffffffde fr.pc=0x000002abdf639a50 relative=0x00000000000015d0
Event: 17.196 Thread 0x000002ac417463e0 Uncommon trap: trap_request=0xffffffde fr.pc=0x000002abdf639a34 relative=0x00000000000015b4
Event: 17.196 Thread 0x000002ac417463e0 Uncommon trap: reason=class_check action=maybe_recompile pc=0x000002abdf639a34 method=kotlinx.coroutines.scheduling.CoroutineScheduler$Worker.pollGlobalQueues()Lkotlinx/coroutines/scheduling/Task; @ 42 c2
Event: 17.196 Thread 0x000002abfb6546d0 Uncommon trap: reason=class_check action=maybe_recompile pc=0x000002abdf639a50 method=kotlinx.coroutines.scheduling.CoroutineScheduler$Worker.pollGlobalQueues()Lkotlinx/coroutines/scheduling/Task; @ 56 c2
Event: 17.196 Thread 0x000002abfb6546d0 DEOPT PACKING pc=0x000002abdf639a50 sp=0x000000d4e7cff280
Event: 17.196 Thread 0x000002ac417463e0 DEOPT PACKING pc=0x000002abdf639a34 sp=0x000000d4eecff7b0
Event: 17.196 Thread 0x000002ac417463e0 DEOPT UNPACKING pc=0x000002abdebd1682 sp=0x000000d4eecff698 mode 2
Event: 17.196 Thread 0x000002abfb6546d0 DEOPT UNPACKING pc=0x000002abdebd1682 sp=0x000000d4e7cff168 mode 2

Classes loaded (20 events):
Event: 16.449 Loading class io/ktor/utils/io/ByteReadChannelOperationsKt$readPacket$1
Event: 16.449 Loading class io/ktor/utils/io/ByteReadChannelOperationsKt$readPacket$1 done
Event: 16.450 Loading class io/ktor/network/tls/TLSClientHandshake$input$1$WhenMappings
Event: 16.450 Loading class io/ktor/network/tls/TLSClientHandshake$input$1$WhenMappings done
Event: 16.450 Loading class io/ktor/network/tls/TLSHandshake
Event: 16.450 Loading class io/ktor/network/tls/TLSHandshake done
Event: 16.450 Loading class kotlinx/io/SourcesKt
Event: 16.450 Loading class kotlinx/io/SourcesKt done
Event: 16.450 Loading class com/intellij/vcs/log/VcsUser
Event: 16.450 Loading class com/intellij/vcs/log/VcsUser done
Event: 16.453 Loading class com/intellij/ide/q/P/i
Event: 16.453 Loading class com/intellij/ide/q/P/i done
Event: 16.484 Loading class com/jetbrains/rider/model/RdDependencyFolderDescriptor
Event: 16.484 Loading class com/jetbrains/rider/model/RdDependencyFolderDescriptor done
Event: 16.484 Loading class com/jetbrains/rider/model/RdDependencyFolderDescriptor
Event: 16.484 Loading class com/jetbrains/rider/model/RdDependencyFolderDescriptor done
Event: 16.484 Loading class com/jetbrains/rd/util/string/PrettyPrinter
Event: 16.484 Loading class com/jetbrains/rd/util/string/PrettyPrinter done
Event: 17.449 Loading class com/intellij/openapi/util/LowMemoryWatcherManager
Event: 17.449 Loading class com/intellij/openapi/util/LowMemoryWatcherManager done

Classes unloaded (20 events):
Event: 4.874 Thread 0x000002abf300a120 Unloading class 0x000000001cc08c00 'java/lang/invoke/LambdaForm$DMH+0x000000001cc08c00'
Event: 4.874 Thread 0x000002abf300a120 Unloading class 0x000000001cc08800 'java/lang/invoke/LambdaForm$DMH+0x000000001cc08800'
Event: 4.874 Thread 0x000002abf300a120 Unloading class 0x000000001cc08000 'java/lang/invoke/LambdaForm$DMH+0x000000001cc08000'
Event: 7.855 Thread 0x000002abf300a120 Unloading class 0x000000001d548c00 'java/lang/invoke/LambdaForm$DMH+0x000000001d548c00'
Event: 7.855 Thread 0x000002abf300a120 Unloading class 0x000000001d548400 'java/lang/invoke/LambdaForm$DMH+0x000000001d548400'
Event: 7.855 Thread 0x000002abf300a120 Unloading class 0x000000001d502000 'java/lang/invoke/LambdaForm$MH+0x000000001d502000'
Event: 7.856 Thread 0x000002abf300a120 Unloading class 0x000000001d501800 'java/lang/invoke/LambdaForm$DMH+0x000000001d501800'
Event: 7.856 Thread 0x000002abf300a120 Unloading class 0x000000001d501000 'java/lang/invoke/LambdaForm$DMH+0x000000001d501000'
Event: 7.856 Thread 0x000002abf300a120 Unloading class 0x000000001d014c00 'java/lang/invoke/LambdaForm$DMH+0x000000001d014c00'
Event: 15.138 Thread 0x000002abf300a120 Unloading class 0x000000001dccd800 'java/lang/invoke/LambdaForm$MH+0x000000001dccd800'
Event: 15.138 Thread 0x000002abf300a120 Unloading class 0x000000001dccd000 'java/lang/invoke/LambdaForm$BMH+0x000000001dccd000'
Event: 15.138 Thread 0x000002abf300a120 Unloading class 0x000000001dcccc00 'java/lang/invoke/LambdaForm$DMH+0x000000001dcccc00'
Event: 15.138 Thread 0x000002abf300a120 Unloading class 0x000000001dc51400 'java/lang/invoke/LambdaForm$MH+0x000000001dc51400'
Event: 15.138 Thread 0x000002abf300a120 Unloading class 0x000000001dc50c00 'java/lang/invoke/LambdaForm$DMH+0x000000001dc50c00'
Event: 15.138 Thread 0x000002abf300a120 Unloading class 0x000000001dc50400 'java/lang/invoke/LambdaForm$DMH+0x000000001dc50400'
Event: 15.138 Thread 0x000002abf300a120 Unloading class 0x000000001dc44c00 'java/lang/invoke/LambdaForm$DMH+0x000000001dc44c00'
Event: 16.403 Thread 0x000002abf300a120 Unloading class 0x000000001e061000 'java/lang/invoke/LambdaForm$MH+0x000000001e061000'
Event: 16.403 Thread 0x000002abf300a120 Unloading class 0x000000001e060800 'java/lang/invoke/LambdaForm$MH+0x000000001e060800'
Event: 16.403 Thread 0x000002abf300a120 Unloading class 0x000000001e060400 'java/lang/invoke/LambdaForm$MH+0x000000001e060400'
Event: 16.403 Thread 0x000002abf300a120 Unloading class 0x000000001e034400 'java/lang/invoke/LambdaForm$DMH+0x000000001e034400'

Classes redefined (8 events):
Event: 0.453 Thread 0x000002abf300a120 redefined class name=java.math.BigInteger, count=1
Event: 0.459 Thread 0x000002abf300a120 redefined class name=java.lang.ProcessEnvironment, count=1
Event: 0.463 Thread 0x000002abf300a120 redefined class name=sun.management.RuntimeImpl, count=1
Event: 0.468 Thread 0x000002abf300a120 redefined class name=sun.management.VMManagementImpl, count=1
Event: 0.473 Thread 0x000002abf300a120 redefined class name=java.lang.reflect.Method, count=1
Event: 0.475 Thread 0x000002abf300a120 redefined class name=java.lang.System, count=1
Event: 0.479 Thread 0x000002abf300a120 redefined class name=java.lang.ClassLoader, count=1
Event: 0.494 Thread 0x000002abf300a120 redefined class name=java.lang.Class, count=1

Internal exceptions (20 events):
Event: 16.505 Thread 0x000002aba717e7d0 Exception <a 'sun/nio/fs/WindowsException'{0x000000009c45b950}> (0x000000009c45b950) 
thrown [s\src\hotspot\share\prims\jni.cpp, line 535]
Event: 16.505 Thread 0x000002aba717e7d0 Exception <a 'sun/nio/fs/WindowsException'{0x000000009c45c838}> (0x000000009c45c838) 
thrown [s\src\hotspot\share\prims\jni.cpp, line 535]
Event: 16.505 Thread 0x000002aba717e7d0 Exception <a 'sun/nio/fs/WindowsException'{0x000000009c45d720}> (0x000000009c45d720) 
thrown [s\src\hotspot\share\prims\jni.cpp, line 535]
Event: 16.505 Thread 0x000002aba717e7d0 Exception <a 'sun/nio/fs/WindowsException'{0x000000009c45e608}> (0x000000009c45e608) 
thrown [s\src\hotspot\share\prims\jni.cpp, line 535]
Event: 16.505 Thread 0x000002aba717e7d0 Exception <a 'sun/nio/fs/WindowsException'{0x000000009c45f4f0}> (0x000000009c45f4f0) 
thrown [s\src\hotspot\share\prims\jni.cpp, line 535]
Event: 16.505 Thread 0x000002aba717e7d0 Exception <a 'sun/nio/fs/WindowsException'{0x000000009c4603d8}> (0x000000009c4603d8) 
thrown [s\src\hotspot\share\prims\jni.cpp, line 535]
Event: 16.505 Thread 0x000002aba717e7d0 Exception <a 'sun/nio/fs/WindowsException'{0x000000009c461e38}> (0x000000009c461e38) 
thrown [s\src\hotspot\share\prims\jni.cpp, line 535]
Event: 16.505 Thread 0x000002aba717e7d0 Exception <a 'sun/nio/fs/WindowsException'{0x000000009c462db0}> (0x000000009c462db0) 
thrown [s\src\hotspot\share\prims\jni.cpp, line 535]
Event: 16.505 Thread 0x000002aba717e7d0 Exception <a 'sun/nio/fs/WindowsException'{0x000000009c463d28}> (0x000000009c463d28) 
thrown [s\src\hotspot\share\prims\jni.cpp, line 535]
Event: 16.505 Thread 0x000002aba717e7d0 Exception <a 'sun/nio/fs/WindowsException'{0x000000009c464ca0}> (0x000000009c464ca0) 
thrown [s\src\hotspot\share\prims\jni.cpp, line 535]
Event: 16.505 Thread 0x000002aba717e7d0 Exception <a 'sun/nio/fs/WindowsException'{0x000000009c465c18}> (0x000000009c465c18) 
thrown [s\src\hotspot\share\prims\jni.cpp, line 535]
Event: 16.505 Thread 0x000002aba717e7d0 Exception <a 'sun/nio/fs/WindowsException'{0x000000009c466b90}> (0x000000009c466b90) 
thrown [s\src\hotspot\share\prims\jni.cpp, line 535]
Event: 16.505 Thread 0x000002aba717e7d0 Exception <a 'sun/nio/fs/WindowsException'{0x000000009c467ae0}> (0x000000009c467ae0) 
thrown [s\src\hotspot\share\prims\jni.cpp, line 535]
Event: 16.505 Thread 0x000002aba717e7d0 Exception <a 'sun/nio/fs/WindowsException'{0x000000009c468a58}> (0x000000009c468a58) 
thrown [s\src\hotspot\share\prims\jni.cpp, line 535]
Event: 16.505 Thread 0x000002aba717e7d0 Exception <a 'sun/nio/fs/WindowsException'{0x000000009c4699d0}> (0x000000009c4699d0) 
thrown [s\src\hotspot\share\prims\jni.cpp, line 535]
Event: 16.505 Thread 0x000002aba717e7d0 Exception <a 'sun/nio/fs/WindowsException'{0x000000009c46a948}> (0x000000009c46a948) 
thrown [s\src\hotspot\share\prims\jni.cpp, line 535]
Event: 16.505 Thread 0x000002aba717e7d0 Exception <a 'sun/nio/fs/WindowsException'{0x000000009c46b8c0}> (0x000000009c46b8c0) 
thrown [s\src\hotspot\share\prims\jni.cpp, line 535]
Event: 16.505 Thread 0x000002aba717e7d0 Exception <a 'sun/nio/fs/WindowsException'{0x000000009c46ce68}> (0x000000009c46ce68) 
thrown [s\src\hotspot\share\prims\jni.cpp, line 535]
Event: 16.866 Thread 0x000002abfb6546d0 Exception <a 'sun/nio/fs/WindowsException'{0x000000009a7114c0}> (0x000000009a7114c0) 
thrown [s\src\hotspot\share\prims\jni.cpp, line 535]
Event: 16.868 Thread 0x000002abb1406060 Exception <a 'java/net/ConnectException'{0x000000009a739e20}: Connection refused: connect> (0x000000009a739e20) 
thrown [s\src\hotspot\share\prims\jni.cpp, line 569]

VM Operations (20 events):
Event: 15.276 Executing non-safepoint VM operation: HandshakeAllThreads (Deoptimize)
Event: 15.277 Executing non-safepoint VM operation: HandshakeAllThreads (Deoptimize) done
Event: 15.281 Executing non-safepoint VM operation: HandshakeAllThreads (Deoptimize)
Event: 15.282 Executing non-safepoint VM operation: HandshakeAllThreads (Deoptimize) done
Event: 15.285 Executing non-safepoint VM operation: HandshakeAllThreads (Deoptimize)
Event: 15.285 Executing non-safepoint VM operation: HandshakeAllThreads (Deoptimize) done
Event: 15.314 Executing safepoint VM operation: G1CollectForAllocation (G1 Evacuation Pause)
Event: 15.326 Executing safepoint VM operation: G1CollectForAllocation (G1 Evacuation Pause) done
Event: 15.398 Executing non-safepoint VM operation: HandshakeAllThreads (Deoptimize)
Event: 15.398 Executing non-safepoint VM operation: HandshakeAllThreads (Deoptimize) done
Event: 15.798 Executing non-safepoint VM operation: HandshakeAllThreads (Deoptimize)
Event: 15.798 Executing non-safepoint VM operation: HandshakeAllThreads (Deoptimize) done
Event: 15.901 Executing safepoint VM operation: G1CollectForAllocation (G1 Evacuation Pause)
Event: 16.195 Executing safepoint VM operation: G1CollectForAllocation (G1 Evacuation Pause) done
Event: 16.312 Executing safepoint VM operation: G1TryInitiateConcMark (G1 Humongous Allocation)
Event: 16.320 Executing safepoint VM operation: G1TryInitiateConcMark (G1 Humongous Allocation) done
Event: 16.354 Executing non-safepoint VM operation: HandshakeAllThreads (Deoptimize)
Event: 16.355 Executing non-safepoint VM operation: HandshakeAllThreads (Deoptimize) done
Event: 16.402 Executing safepoint VM operation: G1PauseRemark
Event: 16.446 Executing safepoint VM operation: G1PauseRemark done

Memory protections (0 events):
No events

Nmethod flushes (20 events):
Event: 16.443 Thread 0x000002abf300a120 flushing  nmethod 0x000002abcf922b08
Event: 16.443 Thread 0x000002abf300a120 flushing  nmethod 0x000002abcf924888
Event: 16.443 Thread 0x000002abf300a120 flushing  nmethod 0x000002abcf924e88
Event: 16.443 Thread 0x000002abf300a120 flushing  nmethod 0x000002abcfb6bf08
Event: 16.443 Thread 0x000002abf300a120 flushing  nmethod 0x000002abcfbf8888
Event: 16.443 Thread 0x000002abf300a120 flushing  nmethod 0x000002abcfbfde88
Event: 16.443 Thread 0x000002abf300a120 flushing  nmethod 0x000002abcfbfeb88
Event: 16.443 Thread 0x000002abf300a120 flushing  nmethod 0x000002abcfc02408
Event: 16.443 Thread 0x000002abf300a120 flushing  nmethod 0x000002abcfcd2d88
Event: 16.443 Thread 0x000002abf300a120 flushing  nmethod 0x000002abcfd7be08
Event: 16.443 Thread 0x000002abf300a120 flushing  nmethod 0x000002abcfd81508
Event: 16.443 Thread 0x000002abf300a120 flushing  nmethod 0x000002abcfd81908
Event: 16.443 Thread 0x000002abf300a120 flushing  nmethod 0x000002abcfebcc08
Event: 16.443 Thread 0x000002abf300a120 flushing  nmethod 0x000002abcfebe488
Event: 16.443 Thread 0x000002abf300a120 flushing  nmethod 0x000002abcfec1d88
Event: 16.443 Thread 0x000002abf300a120 flushing  nmethod 0x000002abd00bc088
Event: 16.443 Thread 0x000002abf300a120 flushing  nmethod 0x000002abd0153e88
Event: 16.443 Thread 0x000002abf300a120 flushing  nmethod 0x000002abd032fb88
Event: 16.443 Thread 0x000002abf300a120 flushing  nmethod 0x000002abd065f188
Event: 16.443 Thread 0x000002abf300a120 flushing  nmethod 0x000002abd0662608

Events (20 events):
Event: 5.769 Thread 0x000002ac68182660 Thread added: 0x000002ac6ca7af60
Event: 5.770 Thread 0x000002ac6ca7af60 Thread exited: 0x000002ac6ca7af60
Event: 5.833 Thread 0x000002ac68182660 Thread added: 0x000002ac6ca7b730
Event: 6.036 Thread 0x000002aba89ac300 Thread exited: 0x000002aba89ac300
Event: 6.879 Thread 0x000002ac3971a3a0 Thread added: 0x000002ac775f44c0
Event: 7.880 Thread 0x000002ac6ca9da10 Thread exited: 0x000002ac6ca9da10
Event: 8.877 Thread 0x000002aba7182650 Thread added: 0x000002ac77617f10
Event: 10.019 Thread 0x000002aba717e7d0 Thread added: 0x000002ac77620bb0
Event: 10.080 Thread 0x000002ac77620bb0 Thread added: 0x000002ac776280e0
Event: 11.854 Thread 0x000002ac77620bb0 Thread added: 0x000002ac7762a020
Event: 11.855 Thread 0x000002ac7762a020 Thread added: 0x000002ac77627140
Event: 12.923 Thread 0x000002ac776280e0 Thread added: 0x000002aba901f540
Event: 12.926 Thread 0x000002ac776280e0 Thread added: 0x000002abfb478130
Event: 12.928 Thread 0x000002abfb478130 Thread added: 0x000002abfb4761f0
Event: 12.928 Thread 0x000002ac776280e0 Thread added: 0x000002abfb474a80
Event: 13.383 Thread 0x000002abfb478130 Thread added: 0x000002abfb480600
Event: 15.041 Thread 0x000002aba76bc900 Thread added: 0x000002abfb491770
Event: 15.845 Thread 0x000002ac39722870 Thread added: 0x000002abfb4b03a0
Event: 15.846 Thread 0x000002ac39722870 Thread added: 0x000002aba901d600
Event: 15.846 Thread 0x000002ac39722870 Thread added: 0x000002ac776232c0


Dynamic libraries:
0x00007ff7fa0e0000 - 0x00007ff7fa250000 	C:\_PROM_\DEV\JetBrains\Rider_2026_1\Rider2026.1\bin\rider64.exe
0x00007ff97fd80000 - 0x00007ff97ffe8000 	C:\Windows\SYSTEM32\ntdll.dll
0x00007ff97ed10000 - 0x00007ff97edd9000 	C:\Windows\System32\KERNEL32.DLL
0x00007ff97d250000 - 0x00007ff97d648000 	C:\Windows\System32\KERNELBASE.dll
0x00007ff942320000 - 0x00007ff942344000 	C:\Windows\System32\ghijt64win10.dll
0x00007ff97f300000 - 0x00007ff97f3b4000 	C:\Windows\System32\ADVAPI32.dll
0x00007ff97f3f0000 - 0x00007ff97f499000 	C:\Windows\System32\msvcrt.dll
0x00007ff97ec60000 - 0x00007ff97ed06000 	C:\Windows\System32\sechost.dll
0x00007ff97eb30000 - 0x00007ff97ec48000 	C:\Windows\System32\RPCRT4.dll
0x00007ff97edf0000 - 0x00007ff97eec7000 	C:\Windows\System32\oleaut32.dll
0x00007ff97d170000 - 0x00007ff97d213000 	C:\Windows\System32\msvcp_win.dll
0x00007ff97d650000 - 0x00007ff97d79b000 	C:\Windows\System32\ucrtbase.dll
0x00007ff97e6d0000 - 0x00007ff97ea5b000 	C:\Windows\System32\combase.dll
0x00007ff97f930000 - 0x00007ff97faf7000 	C:\Windows\System32\user32.dll
0x00007ff97d220000 - 0x00007ff97d247000 	C:\Windows\System32\win32u.dll
0x00007ff97f3c0000 - 0x00007ff97f3eb000 	C:\Windows\System32\GDI32.dll
0x00007ff97d040000 - 0x00007ff97d16c000 	C:\Windows\System32\gdi32full.dll
0x00007ff97de00000 - 0x00007ff97e54f000 	C:\Windows\System32\shell32.dll
0x00007ff97ced0000 - 0x00007ff97d03b000 	C:\Windows\System32\wintypes.dll
0x00007ff97da70000 - 0x00007ff97db15000 	C:\Windows\System32\bcryptprimitives.dll
0x00007ff96fd30000 - 0x00007ff96fd65000 	C:\Windows\SYSTEM32\WINMM.dll
0x00007ff97c3d0000 - 0x00007ff97c3fb000 	C:\Windows\SYSTEM32\userenv.dll
0x00007ff97a2f0000 - 0x00007ff97a532000 	C:\Windows\SYSTEM32\dbghelp.dll
0x00007ff97ea60000 - 0x00007ff97ea91000 	C:\Windows\System32\IMM32.DLL
0x00007ff97aae0000 - 0x00007ff97b33d000 	C:\Windows\SYSTEM32\windows.storage.dll
0x00007ff97fbc0000 - 0x00007ff97fcb2000 	C:\Windows\System32\SHCORE.dll
0x00007ff97f060000 - 0x00007ff97f0c7000 	C:\Windows\System32\shlwapi.dll
0x00007ff97cdf0000 - 0x00007ff97ce19000 	C:\Windows\SYSTEM32\profapi.dll
0x00007ff97bed0000 - 0x00007ff97bf06000 	C:\Windows\SYSTEM32\ntmarta.dll
0x00007fffe8b80000 - 0x00007fffe9ad2000 	C:\_PROM_\DEV\JetBrains\Rider_2026_1\Rider2026.1\jbr\bin\server\jvm.dll
0x00007ff97dd80000 - 0x00007ff97ddf4000 	C:\Windows\System32\WS2_32.dll
0x00007ff97baf0000 - 0x00007ff97bb4e000 	C:\Windows\SYSTEM32\POWRPROF.dll
0x00007ff940af0000 - 0x00007ff940b0e000 	C:\_PROM_\DEV\JetBrains\Rider_2026_1\Rider2026.1\jbr\bin\VCRUNTIME140.dll
0x00007ff974b10000 - 0x00007ff974b1b000 	C:\Windows\SYSTEM32\VERSION.dll
0x00007ff940ae0000 - 0x00007ff940aec000 	C:\_PROM_\DEV\JetBrains\Rider_2026_1\Rider2026.1\jbr\bin\VCRUNTIME140_1.dll
0x00007ff97bad0000 - 0x00007ff97bae4000 	C:\Windows\SYSTEM32\UMPDC.dll
0x00007ff940ad0000 - 0x00007ff940ada000 	C:\_PROM_\DEV\JetBrains\Rider_2026_1\Rider2026.1\jbr\bin\jimage.dll
0x00007ff95b650000 - 0x00007ff95b68c000 	C:\Windows\SYSTEM32\dbgcore.DLL
0x00007ff939920000 - 0x00007ff939930000 	C:\_PROM_\DEV\JetBrains\Rider_2026_1\Rider2026.1\jbr\bin\instrument.dll
0x00007ff8dc5d0000 - 0x00007ff8dc5ef000 	C:\_PROM_\DEV\JetBrains\Rider_2026_1\Rider2026.1\jbr\bin\java.dll
0x00007ff97f0d0000 - 0x00007ff97f267000 	C:\Windows\System32\ole32.dll
0x00007ff8dae20000 - 0x00007ff8dae37000 	C:\_PROM_\DEV\JetBrains\Rider_2026_1\Rider2026.1\jbr\bin\jli.dll
0x00007ff95d1e0000 - 0x00007ff95d294000 	C:\Windows\WinSxS\amd64_microsoft.windows.common-controls_6595b64144ccf1df_5.82.26100.5074_none_87eb64a37a300c6e\COMCTL32.dll
0x00007ff8d74e0000 - 0x00007ff8d74f7000 	C:\_PROM_\DEV\JetBrains\Rider_2026_1\Rider2026.1\jbr\bin\zip.dll
0x00007ff97bdb0000 - 0x00007ff97bdcb000 	C:\Windows\SYSTEM32\kernel.appcore.dll
0x00007ff8d7160000 - 0x00007ff8d7172000 	C:\_PROM_\DEV\JetBrains\Rider_2026_1\Rider2026.1\jbr\bin\net.dll
0x00007ff97c320000 - 0x00007ff97c38b000 	C:\Windows\system32\mswsock.dll
0x00007ff8d7110000 - 0x00007ff8d7126000 	C:\_PROM_\DEV\JetBrains\Rider_2026_1\Rider2026.1\jbr\bin\nio.dll
0x00007ff92b7c0000 - 0x00007ff92b7ca000 	C:\_PROM_\DEV\JetBrains\Rider_2026_1\Rider2026.1\jbr\bin\management.dll
0x00007ff928e50000 - 0x00007ff928e5c000 	C:\_PROM_\DEV\JetBrains\Rider_2026_1\Rider2026.1\jbr\bin\management_ext.dll
0x00007ff97ec50000 - 0x00007ff97ec58000 	C:\Windows\System32\PSAPI.DLL
0x00007ff923e70000 - 0x00007ff923e88000 	C:\Windows\system32\napinsp.dll
0x00007ff97b8a0000 - 0x00007ff97b9cc000 	C:\Windows\SYSTEM32\DNSAPI.dll
0x00007ff97b860000 - 0x00007ff97b894000 	C:\Windows\SYSTEM32\IPHLPAPI.DLL
0x00007ff97ede0000 - 0x00007ff97edea000 	C:\Windows\System32\NSI.dll
0x00007ff9235e0000 - 0x00007ff9235f2000 	C:\Windows\System32\winrnr.dll
0x00007ff925810000 - 0x00007ff925832000 	C:\Windows\system32\nlansp_c.dll
0x00007ff974ca0000 - 0x00007ff974cb6000 	C:\Windows\system32\wshbth.dll
0x00007ff974c00000 - 0x00007ff974c0b000 	C:\Windows\System32\rasadhlp.dll
0x00007ff976b50000 - 0x00007ff976bd6000 	C:\Windows\System32\fwpuclnt.dll
0x00007ff920750000 - 0x00007ff920760000 	C:\_PROM_\DEV\JetBrains\Rider_2026_1\Rider2026.1\jbr\bin\verify.dll
0x00007ff8a62e0000 - 0x00007ff8a646e000 	C:\_PROM_\DEV\JetBrains\Rider_2026_1\Rider2026.1\jbr\bin\awt.dll
0x00007ff95d3d0000 - 0x00007ff95d449000 	C:\Windows\SYSTEM32\OLEACC.dll
0x00007ff9792c0000 - 0x00007ff9792f0000 	C:\Windows\SYSTEM32\dwmapi.dll
0x00007ff8a5bd0000 - 0x00007ff8a5c59000 	C:\_PROM_\DEV\JetBrains\Rider_2026_1\Rider2026.1\jbr\bin\MSVCP140.dll
0x00007ff8a6290000 - 0x00007ff8a62d4000 	C:\_PROM_\DEV\JetBrains\Rider_2026_1\Rider2026.1\jbr\bin\nvdaControllerClient64.dll
0x00007ff978ff0000 - 0x00007ff97908f000 	C:\Windows\SYSTEM32\apphelp.dll
0x00007ff91c110000 - 0x00007ff91c119000 	C:\_PROM_\DEV\JetBrains\Rider_2026_1\Rider2026.1\jbr\bin\prefs.dll
0x00007ff919bb0000 - 0x00007ff919bbe000 	C:\_PROM_\DEV\JetBrains\Rider_2026_1\Rider2026.1\jbr\bin\sunmscapi.dll
0x00007ff97d8f0000 - 0x00007ff97da67000 	C:\Windows\System32\CRYPT32.dll
0x00007ff97c800000 - 0x00007ff97c830000 	C:\Windows\SYSTEM32\ncrypt.dll
0x00007ff97c7b0000 - 0x00007ff97c7ef000 	C:\Windows\SYSTEM32\NTASN1.dll
0x00007ff975d00000 - 0x00007ff975d08000 	C:\Windows\system32\wshunix.dll
0x00007ff979150000 - 0x00007ff9791fa000 	C:\Windows\system32\uxtheme.dll
0x00007ff920b70000 - 0x00007ff920ca3000 	C:\ProgramData\A-Volute\A-Volute.Nahimic\Modules\Scheduled\x64\AudioDevProps2.dll
0x00007ff9198e0000 - 0x00007ff9198e9000 	C:\_PROM_\DEV\JetBrains\Rider_2026_1\Rider2026.1\jbr\bin\extnet.dll
0x000002aba7810000 - 0x000002aba796e000 	C:\Windows\System32\MSCTF.dll
0x00007ff944c00000 - 0x00007ff944c4f000 	C:\_PROM_\DOWNLOAD\AISHU\SyncDisk\winhook64.dll
0x00007ff97f2d0000 - 0x00007ff97f2f0000 	C:\Windows\System32\imagehlp.dll
0x0000000000090000 - 0x0000000000133000 	C:\Windows\WinSxS\amd64_microsoft.vc90.crt_1fc8b3b9a1e18e3b_9.0.30729.9635_none_08e2c157a83ed5da\MSVCR90.dll
0x0000000000140000 - 0x0000000000213000 	C:\Windows\WinSxS\amd64_microsoft.vc90.crt_1fc8b3b9a1e18e3b_9.0.30729.9635_none_08e2c157a83ed5da\MSVCP90.dll
0x00007ff8a5b40000 - 0x00007ff8a5bc7000 	C:\_PROM_\DEV\JetBrains\Rider_2026_1\Rider2026.1\jbr\bin\freetype.dll
0x00007ff97c5f0000 - 0x00007ff97c60b000 	C:\Windows\SYSTEM32\CRYPTSP.dll
0x00007ff8a6240000 - 0x00007ff8a6289000 	C:\_PROM_\DEV\JetBrains\Rider_2026_1\Rider2026.1\lib\jna\amd64\jnidispatch.dll
0x00007ff8a5a40000 - 0x00007ff8a5b32000 	C:\_PROM_\DEV\JetBrains\Rider_2026_1\Rider2026.1\jbr\bin\fontmanager.dll
0x00007ff97bd10000 - 0x00007ff97bd4a000 	C:\Windows\system32\rsaenh.dll
0x00007ff97cdc0000 - 0x00007ff97cdea000 	C:\Windows\SYSTEM32\bcrypt.dll
0x00007ff97c5e0000 - 0x00007ff97c5ec000 	C:\Windows\SYSTEM32\CRYPTBASE.dll
0x00007ff978fc0000 - 0x00007ff978fea000 	C:\Windows\system32\Wtsapi32.dll
0x00007ff97c050000 - 0x00007ff97c099000 	C:\Windows\SYSTEM32\SspiCli.dll
0x00007ff97b780000 - 0x00007ff97b7e3000 	C:\Windows\SYSTEM32\WINSTA.dll
0x00007ff8c76f0000 - 0x00007ff8c77fc000 	C:\Windows\system32\opengl32.dll
0x00007ff8c71d0000 - 0x00007ff8c71fd000 	C:\Windows\SYSTEM32\GLU32.dll
0x00007ff9798a0000 - 0x00007ff9798e3000 	C:\Windows\SYSTEM32\dxcore.dll
0x00007ff8a52d0000 - 0x00007ff8a5308000 	C:\_PROM_\DEV\JetBrains\Rider_2026_1\Rider2026.1\bin\WinShellIntegrationBridge.dll
0x00007ff97fb00000 - 0x00007ff97fbb0000 	C:\Windows\System32\clbcatq.dll
0x00007ff97c710000 - 0x00007ff97c723000 	C:\Windows\SYSTEM32\MSASN1.dll
0x00007ff954fe0000 - 0x00007ff95508d000 	C:\Windows\System32\appresolver.dll
0x00007ff977500000 - 0x00007ff977603000 	C:\Windows\system32\propsys.dll
0x00007ff9536d0000 - 0x00007ff95372e000 	C:\Windows\System32\Bcp47Langs.dll
0x00007ff97fcc0000 - 0x00007ff97fd3c000 	C:\Windows\System32\coml2.dll
0x00007ff97cb70000 - 0x00007ff97cbc7000 	C:\Windows\SYSTEM32\CFGMGR32.dll
0x00007ff97c390000 - 0x00007ff97c3c2000 	C:\Windows\SYSTEM32\gpapi.dll
0x00007ff947730000 - 0x00007ff9477eb000 	C:\Windows\System32\Windows.FileExplorer.Common.dll
0x00007ff95e650000 - 0x00007ff95e65f000 	C:\Windows\SYSTEM32\LINKINFO.dll
0x00007ff935eb0000 - 0x00007ff935f57000 	C:\Windows\SYSTEM32\ntshrui.dll
0x00007ff953210000 - 0x00007ff953239000 	C:\Windows\SYSTEM32\srvcli.dll
0x00007fffe03e0000 - 0x00007fffe1133000 	C:\_PROM_\DEV\JetBrains\Rider_2026_1\Rider2026.1\lib\skiko-awt-runtime-all\skiko-windows-x64.dll
0x00007ff9460f0000 - 0x00007ff946103000 	C:\Windows\SYSTEM32\cscapi.dll
0x00007ff9688b0000 - 0x00007ff9688eb000 	C:\Windows\SYSTEM32\cryptnet.dll
0x00007ff979300000 - 0x00007ff97930f000 	C:\Windows\SYSTEM32\WINNSI.DLL
0x00007ff977610000 - 0x00007ff9776c5000 	C:\Windows\SYSTEM32\policymanager.dll
0x00007ff95dee0000 - 0x00007ff95def2000 	C:\Windows\system32\wbem\wbemprox.dll
0x00007ff95de60000 - 0x00007ff95deda000 	C:\Windows\SYSTEM32\wbemcomn.dll
0x00007ff9587c0000 - 0x00007ff9587d5000 	C:\Windows\system32\wbem\wbemsvc.dll
0x00007ff958850000 - 0x00007ff958942000 	C:\Windows\system32\wbem\fastprox.dll
0x00007ff968890000 - 0x00007ff9688ad000 	C:\Windows\SYSTEM32\amsi.dll
0x00007ff9767f0000 - 0x00007ff97680e000 	C:\Windows\SYSTEM32\dhcpcsvc6.DLL
0x00007ff976770000 - 0x00007ff976793000 	C:\Windows\SYSTEM32\dhcpcsvc.DLL
0x00007ff95d7b0000 - 0x00007ff95d989000 	C:\Windows\WinSxS\amd64_microsoft.windows.gdiplus_6595b64144ccf1df_1.1.26100.7019_none_6ef1f2863dc83276\gdiplus.dll
0x00007ff9735c0000 - 0x00007ff973707000 	C:\Windows\SYSTEM32\textinputframework.dll
0x00007ff9672e0000 - 0x00007ff9672f1000 	C:\Windows\SYSTEM32\wtdccm.dll
0x00007ff978cf0000 - 0x00007ff978e17000 	C:\Windows\SYSTEM32\CoreMessaging.dll
0x00007ff973a90000 - 0x00007ff973d72000 	C:\Windows\SYSTEM32\CoreUIComponents.dll
0x00007ff9560c0000 - 0x00007ff9564d9000 	C:\Windows\System32\uiautomationcore.dll
0x00007ff9536b0000 - 0x00007ff9536c6000 	C:\Windows\System32\threadpoolwinrt.dll
0x00007ff8a5270000 - 0x00007ff8a5282000 	C:\Windows\System32\perfproc.dll
0x00007ff95d510000 - 0x00007ff95d7a4000 	C:\Windows\WinSxS\amd64_microsoft.windows.common-controls_6595b64144ccf1df_6.0.26100.7019_none_3e06ffa0e335b8a8\comctl32.dll

JVMTI agents:
C:\ProgramData\JetBrains\license\licserv.jar path:C:\_PROM_\DEV\JetBrains\Rider_2026_1\Rider2026.1\jbr\bin\instrument.dll, loaded, initialized, instrumentlib options:none

dbghelp: loaded successfully - version: 4.0.5 - missing functions: none
symbol engine: initialized successfully - sym options: 0x614 - pdb path: .;C:\_PROM_\DEV\JetBrains\Rider_2026_1\Rider2026.1\bin;C:\Windows\SYSTEM32;C:\_PROM_\DEV\JetBrains\Rider_2026_1\Rider2026.1\jbr\bin\server;C:\_PROM_\DEV\JetBrains\Rider_2026_1\Rider2026.1\jbr\bin;C:\Windows\WinSxS\amd64_microsoft.windows.common-controls_6595b64144ccf1df_5.82.26100.5074_none_87eb64a37a300c6e;C:\ProgramData\A-Volute\A-Volute.Nahimic\Modules\Scheduled\x64;C:\_PROM_\DOWNLOAD\AISHU\SyncDisk;C:\Windows\WinSxS\amd64_microsoft.vc90.crt_1fc8b3b9a1e18e3b_9.0.30729.9635_none_08e2c157a83ed5da;C:\_PROM_\DEV\JetBrains\Rider_2026_1\Rider2026.1\lib\jna\amd64;C:\_PROM_\DEV\JetBrains\Rider_2026_1\Rider2026.1\lib\skiko-awt-runtime-all;C:\Windows\system32\wbem;C:\Windows\WinSxS\amd64_microsoft.windows.gdiplus_6595b64144ccf1df_1.1.26100.7019_none_6ef1f2863dc83276;C:\Windows\WinSxS\amd64_microsoft.windows.common-controls_6595b64144ccf1df_6.0.26100.7019_none_3e06ffa0e335b8a8

VM Arguments:
jvm_args: abort vfprintf -XX:ErrorFile=C:\Users\zhouht\java_error_in_rider_%p.log -XX:HeapDumpPath=C:\Users\zhouht\java_error_in_rider.hprof -Xms128m -Xmx2048m -XX:JbrShrinkingGcMaxHeapFreeRatio=40 -XX:ReservedCodeCacheSize=512m -XX:+HeapDumpOnOutOfMemoryError -XX:-OmitStackTraceInFastThrow -XX:CICompilerCount=2 -XX:+IgnoreUnrecognizedVMOptions -XX:+UnlockDiagnosticVMOptions -XX:TieredOldPercentage=100000 -ea -Dsun.io.useCanonCaches=false -Dsun.java2d.metal=true -Djbr.catch.SIGABRT=true -Djdk.http.auth.tunneling.disabledSchemes="" -Djdk.attach.allowAttachSelf=true -Djdk.module.illegalAccess.silent=true -Djdk.nio.maxCachedBufferSize=2097152 -Djava.util.zip.use.nio.for.zip.file.access=true -Dkotlinx.coroutines.debug=off -Dskiko.rendering.useScreenMenuBar=false -Djava.nio.file.spi.DefaultFileSystemProvider=com.intellij.platform.core.nio.fs.MultiRoutingFileSystemProvider -Dllm.show.ai.promotion.window.on.start=false -Denable.non.commercial.ai.license=true -Xms256m -Xmx2048m -XX:ReservedCodeCacheSize=512m -XX:+IgnoreUnrecognizedVMOptions -XX:+UseG1GC -XX:SoftRefLRUPolicyMSPerMB=50 -XX:CICompilerCount=2 -XX:+HeapDumpOnOutOfMemoryError -XX:-OmitStackTraceInFastThrow -ea -Dsun.io.useCanonCaches=false -Djdk.http.auth.tunneling.disabledSchemes="" -Djdk.attach.allowAttachSelf=true -Djdk.module.illegalAccess.silent=true -Dkotlinx.coroutines.debug=off -XX:ErrorFile=$USER_HOME/java_error_in_idea_%p.log -XX:HeapDumpPath=$USER_HOME/java_error_in_idea.hprof --add-opens=java.base/jdk.internal.org.objectweb.asm=ALL-UNNAMED --add-opens=java.base/jdk.internal.org.objectweb.asm.tree=ALL-UNNAMED -javaagent:C:\ProgramData\JetBrains\license\licserv.jar -Djb.vmOptionsFile=C:\ProgramData\JetBrains\license\vmoptions\rider.vmoptions -Xbootclasspath/a:C:\_PROM_\DEV\JetBrains\Rider_2026_1\Rider2026.1\lib\nio-fs.jar -Djava.system.class.loader=com.intellij.util.lang.PathClassLoader -Didea.vendor.name=JetBrains -Didea.paths.selector=Rider2026.1 -Djna.boot.library.path=C:\_PROM_\DEV\JetBrains\Rider_2026_1\Rider2026.1/lib/jna/amd64 -Djna.nosys=true -Djna.noclasspath=true -Dpty4j.preferred.native.folder=C:\_PROM_\DEV\JetBrains\Rider_2026_1\Rider2026.1/lib/pty4j -Dio.netty.allocator.type=pooled -Dskiko.library.path=C:\_PROM_\DEV\JetBrains\Rider_2026_1\Rider2026.1/lib/skiko-awt-runtime-all -Dintellij.platform.runtime.repository.path=C:\_PROM_\DEV\JetBrains\Rider_2026_1\Rider2026.1/modules/module-descriptors.dat -Didea.platform.prefix=Rider -Didea.class.before.app=com.jetbrains.rider.protocol.EarlyBackendStarter -Didea.show.customize.ide.wizard=true -DFilePageCache.THROW_ERROR_ON_DUPLICATE_STORAGE_REGISTRATION=false -Dsplash=true -Daether.connector.resumeDownloads=false -Dcompose.swing.render.on.graphics=true --enable-native-access=ALL-UNNAMED --add-opens=java.base/java.io=ALL-UNNAMED --add-opens=java.base/java.lang=ALL-UNNAMED --add-opens=java.base/java.lang.ref=ALL-UNNAMED --add-opens=java.base/java.lang.reflect=ALL-UNNAMED --add-opens=java.base/java.net=ALL-UNNAMED --add-opens=java.base/java.nio=ALL-UNNAMED --add-opens=java.base/java.nio.charset=ALL-UNNAMED --add-opens=java.base/java.text=ALL-UNNAMED --add-opens=java.base/java.time=ALL-UNNAMED --add-opens=java.base/java.util=ALL-UNNAMED --add-opens=java.base/java.util.concurrent=ALL-UNNAMED --add-opens=java.base/java.util.concurrent.atomic=ALL-UNNAMED --add-opens=java.base/java.util.concurrent.locks=ALL-UNNAMED --add-opens=java.base/jdk.internal.ref=ALL-UNNAMED --add-opens=java.base/jdk.internal.vm=ALL-UNNAMED --add-opens=java.base/sun.net.dns=ALL-UNNAMED --add-opens=java.base/sun.nio=ALL-UNNAMED --add-opens=java.base/sun.nio.ch=ALL-UNNAMED --add-opens=java.base/sun.nio.fs=ALL-UNNAMED --add-opens=java.base/sun.security.ssl=ALL-UNNAMED --add-opens=java.base/sun.security.util=ALL-UNNAMED --add-opens=java.desktop/com.sun.java.swing=ALL-UNNAMED --add-opens=java.desktop/java.awt=ALL-UNNAMED --add-opens=java.desktop/java.awt.dnd.peer=ALL-UNNAMED --add-opens=java.desktop/java.awt.event=ALL-UNNAMED --add-opens=java.desktop/java.awt.font=ALL-UNNAMED --add-opens=java.desktop/java.awt.image=ALL-UNNAMED --add-opens=java.desktop/java.awt.peer=ALL-UNNAMED --add-opens=java.desktop/javax.swing=ALL-UNNAMED --add-opens=java.desktop/javax.swing.plaf.basic=ALL-UNNAMED --add-opens=java.desktop/javax.swing.text=ALL-UNNAMED --add-opens=java.desktop/javax.swing.text.html=ALL-UNNAMED --add-opens=java.desktop/javax.swing.text.html.parser=ALL-UNNAMED --add-opens=java.desktop/sun.awt=ALL-UNNAMED --add-opens=java.desktop/sun.awt.datatransfer=ALL-UNNAMED --add-opens=java.desktop/sun.awt.image=ALL-UNNAMED --add-opens=java.desktop/sun.awt.windows=ALL-UNNAMED --add-opens=java.desktop/sun.font=ALL-UNNAMED --add-opens=java.desktop/sun.java2d=ALL-UNNAMED --add-opens=java.desktop/sun.swing=ALL-UNNAMED --add-opens=java.management/sun.management=ALL-UNNAMED --add-opens=jdk.attach/sun.tools.attach=ALL-UNNAMED --add-opens=jdk.compiler/com.sun.tools.javac.api=ALL-UNNAMED --add-opens=jdk.internal.jvmstat/sun.jvmstat.monitor=ALL-UNNAMED --add-opens=jdk.jdi/com.sun.tools.jdi=ALL-UNNAMED -Dide.native.launcher=true -Djcef.sandbox.ptr=000002ABC81A7280 -Djcef.sandbox.cefVersion=122.1.9+gd14e051+chromium-122.0.6261.94 
java_command: com.intellij.idea.Main E:\WORKSPACE\CODE_REVIT\revit-mcp-local-bridge\RevitCommandBridge.slnx
java_class_path (initial): C:\_PROM_\DEV\JetBrains\Rider_2026_1\Rider2026.1\lib\platform-loader.jar;C:\_PROM_\DEV\JetBrains\Rider_2026_1\Rider2026.1\lib\util-8.jar;C:\_PROM_\DEV\JetBrains\Rider_2026_1\Rider2026.1\lib\app.jar;C:\_PROM_\DEV\JetBrains\Rider_2026_1\Rider2026.1\lib\util.jar;C:\_PROM_\DEV\JetBrains\Rider_2026_1\Rider2026.1\lib\product-backend.jar;C:\_PROM_\DEV\JetBrains\Rider_2026_1\Rider2026.1\lib\app-backend.jar;C:\_PROM_\DEV\JetBrains\Rider_2026_1\Rider2026.1\lib\annotations.jar;C:\_PROM_\DEV\JetBrains\Rider_2026_1\Rider2026.1\lib\eclipse.lsp4j.debug.jar;C:\_PROM_\DEV\JetBrains\Rider_2026_1\Rider2026.1\lib\eclipse.lsp4j.jar;C:\_PROM_\DEV\JetBrains\Rider_2026_1\Rider2026.1\lib\eclipse.lsp4j.jsonrpc.debug.jar;C:\_PROM_\DEV\JetBrains\Rider_2026_1\Rider2026.1\lib\eclipse.lsp4j.jsonrpc.jar;C:\_PROM_\DEV\JetBrains\Rider_2026_1\Rider2026.1\lib\external-system-rt.jar;C:\_PROM_\DEV\JetBrains\Rider_2026_1\Rider2026.1\lib\externalProcess-rt.jar;C:\_PROM_\DEV\JetBrains\Rider_2026_1\Rider2026.1\lib\fleet.andel.jar;C:\_PROM_\DEV\JetBrains\Rider_2026_1\Rider2026.1\lib\fleet.bifurcan.jar;C:\_PROM_\DEV\JetBrains\Rider_2026_1\Rider2026.1\lib\fleet.fastutil.jar;C:\_PROM_\DEV\JetBrains\Rider_2026_1\Rider2026.1\lib\fleet.kernel.jar;C:\_PROM_\DEV\JetBrains\Rider_2026_1\Rider2026.1\lib\fleet.multiplatform.shims.jar;C:\_PROM_\DEV\JetBrains\Rider_2026_1\Rider2026.1\lib\fleet.reporting.api.jar;C:\_PROM_\DEV\JetBrains\Rider_2026_1\Rider2026.1\lib\fleet.reporting.shared.jar;C:\_PROM_\DEV\JetBrains\Rider_2026_1\Rider2026.1\lib\fleet.rhizomedb.jar;C:\_PROM_\DEV\JetBrains\Rider_2026_1\Rider2026.1\lib\fleet.rhizomedb.transactor.jar;C:\_PROM_\DEV\JetBrains\Rider_2026_1\Rider2026.1\lib\fleet.rhizomedb.transactor.rebase.jar;C:\_PROM_\DEV\JetBrains\Rider_2026_1\Rider2026.1\lib\fleet.rpc.jar;C:\_PROM_\DEV\JetBrains\Rider_2026_1\Rider2026.1\lib\fleet.rpc.server.jar;C:\_PROM_\DEV\JetBrains\Rider_2026_1\Rider2026.1\lib\fleet.util.codepoints.jar;C:\_PROM_\DEV\JetBrains\Rider_2026_1\Rider2026.1\lib\fleet.util.core.jar;C:\_PROM_\DEV\JetBrains\Rider_2026_1\Rider2026.1\lib\fleet.util.logging.api.jar;C:\_PROM_\DEV\JetBrains\Rider_2026_1\Rider2026.1\lib\fleet.util.serialization.jar;C:\_PROM_\DEV\JetBrains\Rider_2026_1\Rider2026.1\lib\forms_rt.jar;C:\_PROM_\DEV\JetBrains\Rider_2026_1\Rider2026.1\lib\groovy.jar;C:\_PROM_\DEV\JetBrains\Rider_2026_1\Rider2026.1\lib\intellij.libraries.aalto.xml.jar;C:\_PROM_\DEV\JetBrains\Rider_2026_1\Rider2026.1\lib\intellij.libraries.asm.jar;C:\_PROM_\DEV\JetBrains\Rider_2026_1\Rider2026.1\lib\intellij.libraries.asm.tools.jar;C:\_PROM_\DEV\JetBrains\Rider_2026_1\Rider2026.1\lib\intellij.libraries.automaton.jar;C:\_PROM_\DEV\JetBrains\Rider_2026_1\Rider2026.1\lib\intellij.libraries.batik.jar;C:\_PROM_\DEV\JetBrains\Rider_2026_1\Rider2026.1\lib\intellij.libraries.blockmap.jar;C:\_PROM_\DEV\JetBrains\Rider_2026_1\Rider2026.1\lib\intellij.libraries.bouncy.castle.pgp.jar;C:\_PROM_\DEV\JetBrains\Rider_2026_1\Rider2026.1\lib\intellij.libraries.bouncy.castle.provider.jar;C:\_PROM_\DEV\JetBrains\Rider_2026_1\Rider2026.1\lib\intellij.libraries.caffeine.jar;C:\_PROM_\DEV\JetBrains\Rider_2026_1\Rider2026.1\lib\intellij.libraries.cglib.jar;C:\_PROM_\DEV\JetBrains\Rider_2026_1\Rider2026.1\lib\intellij.libraries.classgraph.jar;C:\_PROM_\DEV\JetBrains\Rider_2026_1\Rider2026.1\lib\intellij.libraries.cli.parser.jar;C:\_PROM_\DEV\JetBrains\Rider_2026_1\Rider2026.1\lib\intellij.libraries.commons.cli.jar;C:\_PROM_\DEV\JetBrains\Rider_2026_1\Rider2026.1\lib\intellij.libraries.commons.codec.jar;C:\_PROM_\DEV\JetBrains\Rider_2026_1\Rider2026.1\lib\intellij.libraries.commons.compress.jar;C:\_PROM_\DEV\JetBrains\Rider_2026_1\Rider2026.1\lib\intellij.libraries.commons.imaging.jar;C:\_PROM_\DEV\JetBrains\Rider_2026_1\Rider2026.1\lib\intellij.libraries.commons.io.jar;C:\_PROM_\DEV\JetBrains\Rider_2026_1\Rider2026.1\lib\intellij.libraries.commons.lang3.jar;C:\_PROM_\DEV\JetBrains\Rider_2026_1\Rider2026.1\lib\intellij.libraries.commons.logging.jar;C:\_PROM_\DEV\JetBrains\Rider_2026_1\Rider2026.1\lib\intellij.libraries.fastutil.jar;C:\_PROM_\DEV\JetBrains\Rider_2026_1\Rider2026.1\lib\intellij.libraries.gson.jar;C:\_PROM_\DEV\JetBrains\Rider_2026_1\Rider2026.1\lib\intellij.libraries.guava.jar;C:\_PROM_\DEV\JetBrains\Rider_2026_1\Rider2026.1\lib\intellij.libraries.hash4j.jar;C:\_PROM_\DEV\JetBrains\Rider_2026_1\Rider2026.1\lib\intellij.libraries.hdr.histogram.jar;C:\_PROM_\DEV\JetBrains\Rider_2026_1\Rider2026.1\lib\intellij.libraries.http.client.jar;C:\_PROM_\DEV\JetBrains\Rider_2026_1\Rider2026.1\lib\intellij.libraries.icu4j.jar;C:\_PROM_\DEV\JetBrains\Rider_2026_1\Rider2026.1\lib\intellij.libraries.imgscalr.jar;C:\_PROM_\DEV\JetBrains\Rider_2026_1\Rider2026.1\lib\intellij.libraries.ini4j.jar;C:\_PROM_\DEV\JetBrains\Rider_2026_1\Rider2026.1\lib\intellij.libraries.ion.jar;C:\_PROM_\DEV\JetBrains\Rider_2026_1\Rider2026.1\lib\intellij.libraries.jackson.databind.jar;C:\_PROM_\DEV\JetBrains\Rider_2026_1\Rider2026.1\lib\intellij.libraries.jackson.dataformat.yaml.jar;C:\_PROM_\DEV\JetBrains\Rider_2026_1\Rider2026.1\lib\intellij.libraries.jackson.jar;C:\_PROM_\DEV\JetBrains\Rider_2026_1\Rider2026.1\lib\intellij.libraries.jackson.jr.objects.jar;C:\_PROM_\DEV\JetBrains\Rider_2026_1\Rider2026.1\lib\intellij.libraries.jackson.module.kotlin.jar;C:\_PROM_\DEV\JetBrains\Rider_2026_1\Rider2026.1\lib\intellij.libraries.java.websocket.jar;C:\_PROM_\DEV\JetBrains\Rider_2026_1\Rider2026.1\lib\intellij.libraries.javax.annotation.jar;C:\_PROM_\DEV\JetBrains\Rider_2026_1\Rider2026.1\lib\intellij.libraries.jaxen.jar;C:\_PROM_\DEV\JetBrains\Rider_2026_1\Rider2026.1\lib\intellij.libraries.jbr.jar;C:\_PROM_\DEV\JetBrains\Rider_2026_1\Rider2026.1\lib\intellij.libraries.jcef.jar;C:\_PROM_\DEV\JetBrains\Rider_2026_1\Rider2026.1\lib\intellij.libraries.jcip.jar;C:\_PROM_\DEV\JetBrains\Rider_2026_1\Rider2026.1\lib\intellij.libraries.jediterm.core.jar;C:\_PROM_\DEV\JetBrains\Rider_2026_1\Rider2026.1\lib\intellij.libraries.jediterm.ui.jar;C:\_PROM_\DEV\JetBrains\Rider_2026_1\Rider2026.1\lib\intellij.libraries.jettison.jar;C:\_PROM_\DEV\JetBrains\Rider_2026_1\Rider2026.1\lib\intellij.libraries.jgoodies.binding.jar;C:\_PROM_\DEV\JetBrains\Rider_2026_1\Rider2026.1\lib\intellij.libraries.jgoodies.common.jar;C:\_PROM_\DEV\JetBrains\Rider_2026_1\Rider2026.1\lib\intellij.libraries.jgoodies.forms.jar;C:\_PROM_\DEV\JetBrains\Rider_2026_1\Rider2026.1\lib\intellij.libraries.jsonpath.jar;C:\_PROM_\DEV\JetBrains\Rider_2026_1\Rider2026.1\lib\intellij.libraries.jsoup.jar;C:\_PROM_\DEV\JetBrains\Rider_2026_1\Rider2026.1\lib\intellij.libraries.jsvg.jar;C:\_PROM_\DEV\JetBrains\Rider_2026_1\Rider2026.1\lib\intellij.libraries.jvm.native.trusted.roots.jar;C:\_PROM_\DEV\JetBrains\Rider_2026_1\Rider2026.1\lib\intellij.libraries.jzlib.jar;C:\_PROM_\DEV\JetBrains\Rider_2026_1\Rider2026.1\lib\intellij.libraries.kotlin.reflect.jar;C:\_PROM_\DEV\JetBrains\Rider_2026_1\Rider2026.1\lib\intellij.libraries.kotlinx.collections.immutable.jar;C:\_PROM_\DEV\JetBrains\Rider_2026_1\Rider2026.1\lib\intellij.libraries.kotlinx.coroutines.core.jar;C:\_PROM_\DEV\JetBrains\Rider_2026_1\Rider2026.1\lib\intellij.libraries.kotlinx.coroutines.debug.jar;C:\_PROM_\DEV\JetBrains\Rider_2026_1\Rider2026.1\lib\intellij.libraries.kotlinx.coroutines.slf4j.jar;C:\_PROM_\DEV\JetBrains\Rider_2026_1\Rider2026.1\lib\intellij.libraries.kotlinx.datetime.jar;C:\_PROM_\DEV\JetBrains\Rider_2026_1\Rider2026.1\lib\intellij.libraries.kotlinx.html.jar;C:\_PROM_\DEV\JetBrains\Rider_2026_1\Rider2026.1\lib\intellij.libraries.kotlinx.io.jar;C:\_PROM_\DEV\JetBrains\Rider_2026_1\Rider2026.1\lib\intellij.libraries.kotlinx.serialization.cbor.jar;C:\_PROM_\DEV\JetBrains\Rider_2026_1\Rider2026.1\lib\intellij.libraries.kotlinx.serialization.core.jar;C:\_PROM_\DEV\JetBrains\Rider_2026_1\Rider2026.1\lib\intellij.libraries.kotlinx.serialization.json.jar;C:\_PROM_\DEV\JetBrains\Rider_2026_1\Rider2026.1\lib\intellij.libraries.kotlinx.serialization.protobuf.jar;C:\_PROM_\DEV\JetBrains\Rider_2026_1\Rider2026.1\lib\intellij.libraries.kryo5.jar;C:\_PROM_\DEV\JetBrains\Rider_2026_1\Rider2026.1\lib\intellij.libraries.ktor.client.cio.jar;C:\_PROM_\DEV\JetBrains\Rider_2026_1\Rider2026.1\lib\intellij.libraries.ktor.client.jar;C:\_PROM_\DEV\JetBrains\Rider_2026_1\Rider2026.1\lib\intellij.libraries.ktor.io.jar;C:\_PROM_\DEV\JetBrains\Rider_2026_1\Rider2026.1\lib\intellij.libraries.ktor.network.tls.jar;C:\_PROM_\DEV\JetBrains\Rider_2026_1\Rider2026.1\lib\intellij.libraries.ktor.server.cio.jar;C:\_PROM_\DEV\JetBrains\Rider_2026_1\Rider2026.1\lib\intellij.libraries.ktor.utils.jar;C:\_PROM_\DEV\JetBrains\Rider_2026_1\Rider2026.1\lib\intellij.libraries.lz4.jar;C:\_PROM_\DEV\JetBrains\Rider_2026_1\Rider2026.1\lib\intellij.libraries.markdown.jar;C:\_PROM_\DEV\JetBrains\Rider_2026_1\Rider2026.1\lib\intellij.libraries.miglayout.swing.jar;C:\_PROM_\DEV\JetBrains\Rider_2026_1\Rider2026.1\lib\intellij.libraries.mvstore.jar;C:\_PROM_\DEV\JetBrains\Rider_2026_1\Rider2026.1\lib\intellij.libraries.netty.buffer.jar;C:\_PROM_\DEV\JetBrains\Rider_2026_1\Rider2026.1\lib\intellij.libraries.netty.codec.compression.jar;C:\_PROM_\DEV\JetBrains\Rider_2026_1\Rider2026.1\lib\intellij.libraries.netty.codec.http.jar;C:\_PROM_\DEV\JetBrains\Rider_2026_1\Rider2026.1\lib\intellij.libraries.netty.handler.proxy.jar;C:\_PROM_\DEV\JetBrains\Rider_2026_1\Rider2026.1\lib\intellij.libraries.opentelemetry.exporter.sender.jdk.jar;C:\_PROM_\DEV\JetBrains\Rider_2026_1\Rider2026.1\lib\intellij.libraries.opentelemetry.sdk.autoconfigure.spi.jar;C:\_PROM_\DEV\JetBrains\Rider_2026_1\Rider2026.1\lib\intellij.libraries.oro.matcher.jar;C:\_PROM_\DEV\JetBrains\Rider_2026_1\Rider2026.1\lib\intellij.libraries.protobuf.jar;C:\_PROM_\DEV\JetBrains\Rider_2026_1\Rider2026.1\lib\intellij.libraries.proxy.vole.jar;C:\_PROM_\DEV\JetBrains\Rider_2026_1\Rider2026.1\lib\intellij.libraries.pty4j.jar;C:\_PROM_\DEV\JetBrains\Rider_2026_1\Rider2026.1\lib\intellij.libraries.rd.core.jar;C:\_PROM_\DEV\JetBrains\Rider_2026_1\Rider2026.1\lib\intellij.libraries.rd.framework.jar;C:\_PROM_\DEV\JetBrains\Rider_2026_1\Rider2026.1\lib\intellij.libraries.rd.swing.jar;C:\_PROM_\DEV\JetBrains\Rider_2026_1\Rider2026.1\lib\intellij.libraries.rd.text.jar;C:\_PROM_\DEV\JetBrains\Rider_2026_1\Rider2026.1\lib\intellij.libraries.rhino.jar;C:\_PROM_\DEV\JetBrains\Rider_2026_1\Rider2026.1\lib\intellij.libraries.snakeyaml.engine.jar;C:\_PROM_\DEV\JetBrains\Rider_2026_1\Rider2026.1\lib\intellij.libraries.snakeyaml.jar;C:\_PROM_\DEV\JetBrains\Rider_2026_1\Rider2026.1\lib\intellij.libraries.sshj.jar;C:\_PROM_\DEV\JetBrains\Rider_2026_1\Rider2026.1\lib\intellij.libraries.stream.jar;C:\_PROM_\DEV\JetBrains\Rider_2026_1\Rider2026.1\lib\intellij.libraries.swingx.jar;C:\_PROM_\DEV\JetBrains\Rider_2026_1\Rider2026.1\lib\intellij.libraries.velocity.jar;C:\_PROM_\DEV\JetBrains\Rider_2026_1\Rider2026.1\lib\intellij.libraries.winp.jar;C:\_PROM_\DEV\JetBrains\Rider_2026_1\Rider2026.1\lib\intellij.libraries.xerces.jar;C:\_PROM_\DEV\JetBrains\Rider_2026_1\Rider2026.1\lib\intellij.libraries.xstream.jar;C:\_PROM_\DEV\JetBrains\Rider_2026_1\Rider2026.1\lib\intellij.libraries.xtext.xbase.jar;C:\_PROM_\DEV\JetBrains\Rider_2026_1\Rider2026.1\lib\intellij.libraries.xz.jar;C:\_PROM_\DEV\JetBrains\Rider_2026_1\Rider2026.1\lib\intellij.platform.analysis.impl.jar;C:\_PROM_\DEV\JetBrains\Rider_2026_1\Rider2026.1\lib\intellij.platform.analysis.jar;C:\_PROM_\DEV\JetBrains\Rider_2026_1\Rider2026.1\lib\intellij.platform.builtInServer.impl.jar;C:\_PROM_\DEV\JetBrains\Rider_2026_1\Rider2026.1\lib\intellij.platform.builtInServer.jar;C:\_PROM_\DEV\JetBrains\Rider_2026_1\Rider2026.1\lib\intellij.platform.core.impl.jar;C:\_PROM_\DEV\JetBrains\Rider_2026_1\Rider2026.1\lib\intellij.platform.core.jar;C:\_PROM_\DEV\JetBrains\Rider_2026_1\Rider2026.1\lib\intellij.platform.core.ui.jar;C:\_PROM_\DEV\JetBrains\Rider_2026_1\Rider2026.1\lib\intellij.platform.credentialStore.impl.jar;C:\_PROM_\DEV\JetBrains\Rider_2026_1\Rider2026.1\lib\intellij.platform.credentialStore.ui.jar;C:\_PROM_\DEV\JetBrains\Rider_2026_1\Rider2026.1\lib\intellij.platform.debugger.impl.jar;C:\_PROM_\DEV\JetBrains\Rider_2026_1\Rider2026.1\lib\intellij.platform.debugger.impl.rpc.jar;C:\_PROM_\DEV\JetBrains\Rider_2026_1\Rider2026.1\lib\intellij.platform.debugger.impl.shared.jar;C:\_PROM_\DEV\JetBrains\Rider_2026_1\Rider2026.1\lib\intellij.platform.debugger.impl.ui.jar;C:\_PROM_\DEV\JetBrains\Rider_2026_1\Rider2026.1\lib\intellij.platform.debugger.jar;C:\_PROM_\DEV\JetBrains\Rider_2026_1\Rider2026.1\lib\intellij.platform.diff.impl.jar;C:\_PROM_\DEV\JetBrains\Rider_2026_1\Rider2026.1\lib\intellij.platform.diff.jar;C:\_PROM_\DEV\JetBrains\Rider_2026_1\Rider2026.1\lib\intellij.platform.duplicates.analysis.jar;C:\_PROM_\DEV\JetBrains\Rider_2026_1\Rider2026.1\lib\intellij.platform.eel.impl.jar;C:\_PROM_\DEV\JetBrains\Rider_2026_1\Rider2026.1\lib\intellij.platform.externalProcessAuthHelper.jar;C:\_PROM_\DEV\JetBrains\Rider_2026_1\Rider2026.1\lib\intellij.platform.externalSystem.dependencyUpdater.jar;C:\_PROM_\DEV\JetBrains\Rider_2026_1\Rider2026.1\lib\intellij.platform.externalSystem.impl.jar;C:\_PROM_\DEV\JetBrains\Rider_2026_1\Rider2026.1\lib\intellij.platform.externalSystem.jar;C:\_PROM_\DEV\JetBrains\Rider_2026_1\Rider2026.1\lib\intellij.platform.find.jar;C:\_PROM_\DEV\JetBrains\Rider_2026_1\Rider2026.1\lib\intellij.platform.ide.concurrency.jar;C:\_PROM_\DEV\JetBrains\Rider_2026_1\Rider2026.1\lib\intellij.platform.ide.core.jar;C:\_PROM_\DEV\JetBrains\Rider_2026_1\Rider2026.1\lib\intellij.platform.ide.impl.jar;C:\_PROM_\DEV\JetBrains\Rider_2026_1\Rider2026.1\lib\intellij.platform.ide.jar;C:\_PROM_\DEV\JetBrains\Rider_2026_1\Rider2026.1\lib\intellij.platform.kernel.jar;C:\_PROM_\DEV\JetBrains\Rider_2026_1\Rider2026.1\lib\intellij.platform.lang.core.jar;C:\_PROM_\DEV\JetBrains\Rider_2026_1\Rider2026.1\lib\intellij.platform.lang.impl.jar;C:\_PROM_\DEV\JetBrains\Rider_2026_1\Rider2026.1\lib\intellij.platform.lang.jar;C:\_PROM_\DEV\JetBrains\Rider_2026_1\Rider2026.1\lib\intellij.platform.locking.impl.jar;C:\_PROM_\DEV\JetBrains\Rider_2026_1\Rider2026.1\lib\intellij.platform.managed.cache.jar;C:\_PROM_\DEV\JetBrains\Rider_2026_1\Rider2026.1\lib\intellij.platform.polySymbols.backend.jar;C:\_PROM_\DEV\JetBrains\Rider_2026_1\Rider2026.1\lib\intellij.platform.polySymbols.jar;C:\_PROM_\DEV\JetBrains\Rider_2026_1\Rider2026.1\lib\intellij.platform.projectFrame.jar;C:\_PROM_\DEV\JetBrains\Rider_2026_1\Rider2026.1\lib\intellij.platform.projectModel.impl.jar;C:\_PROM_\DEV\JetBrains\Rider_2026_1\Rider2026.1\lib\intellij.platform.projectModel.jar;C:\_PROM_\DEV\JetBrains\Rider_2026_1\Rider2026.1\lib\intellij.platform.rpc.jar;C:\_PROM_\DEV\JetBrains\Rider_2026_1\Rider2026.1\lib\intellij.platform.rpc.topics.jar;C:\_PROM_\DEV\JetBrains\Rider_2026_1\Rider2026.1\lib\intellij.platform.scopes.jar;C:\_PROM_\DEV\JetBrains\Rider_2026_1\Rider2026.1\lib\intellij.platform.smRunner.jar;C:\_PROM_\DEV\JetBrains\Rider_2026_1\Rider2026.1\lib\intellij.platform.util.ex.jar;C:\_PROM_\DEV\JetBrains\Rider_2026_1\Rider2026.1\lib\intellij.platform.util.ui.jar;C:\_PROM_\DEV\JetBrains\Rider_2026_1\Rider2026.1\lib\intellij.platform.vcs.core.jar;C:\_PROM_\DEV\JetBrains\Rider_2026_1\Rider2026.1\lib\intellij.platform.vcs.jar;C:\_PROM_\DEV\JetBrains\Rider_2026_1\Rider2026.1\lib\intellij.platform.vcs.shared.jar;C:\_PROM_\DEV\JetBrains\Rider_2026_1\Rider2026.1\lib\intellij.platform.welcomeScreen.impl.jar;C:\_PROM_\DEV\JetBrains\Rider_2026_1\Rider2026.1\lib\intellij.platform.welcomeScreen.jar;C:\_PROM_\DEV\JetBrains\Rider_2026_1\Rider2026.1\lib\intellij.regexp.jar;C:\_PROM_\DEV\JetBrains\Rider_2026_1\Rider2026.1\lib\intellij.rider.icons.jar;C:\_PROM_\DEV\JetBrains\Rider_2026_1\Rider2026.1\lib\intellij.xml.analysis.impl.jar;C:\_PROM_\DEV\JetBrains\Rider_2026_1\Rider2026.1\lib\intellij.xml.analysis.jar;C:\_PROM_\DEV\JetBrains\Rider_2026_1\Rider2026.1\lib\intellij.xml.dom.impl.jar;C:\_PROM_\DEV\JetBrains\Rider_2026_1\Rider2026.1\lib\intellij.xml.dom.jar;C:\_PROM_\DEV\JetBrains\Rider_2026_1\Rider2026.1\lib\intellij.xml.impl.jar;C:\_PROM_\DEV\JetBrains\Rider_2026_1\Rider2026.1\lib\intellij.xml.parser.jar;C:\_PROM_\DEV\JetBrains\Rider_2026_1\Rider2026.1\lib\intellij.xml.psi.impl.jar;C:\_PROM_\DEV\JetBrains\Rider_2026_1\Rider2026.1\lib\intellij.xml.psi.jar;C:\_PROM_\DEV\JetBrains\Rider_2026_1\Rider2026.1\lib\intellij.xml.structureView.impl.jar;C:\_PROM_\DEV\JetBrains\Rider_2026_1\Rider2026.1\lib\intellij.xml.structureView.jar;C:\_PROM_\DEV\JetBrains\Rider_2026_1\Rider2026.1\lib\intellij.xml.syntax.jar;C:\_PROM_\DEV\JetBrains\Rider_2026_1\Rider2026.1\lib\intellij.xml.ui.common.jar;C:\_PROM_\DEV\JetBrains\Rider_2026_1\Rider2026.1\lib\javax.activation.jar;C:\_PROM_\DEV\JetBrains\Rider_2026_1\Rider2026.1\lib\javax.annotation-api.jar;C:\_PROM_\DEV\JetBrains\Rider_2026_1\Rider2026.1\lib\jaxb-api.jar;C:\_PROM_\DEV\JetBrains\Rider_2026_1\Rider2026.1\lib\jaxb-runtime.jar;C:\_PROM_\DEV\JetBrains\Rider_2026_1\Rider2026.1\lib\jps-model.jar;C:\_PROM_\DEV\JetBrains\Rider_2026_1\Rider2026.1\lib\jsch-agent.jar;C:\_PROM_\DEV\JetBrains\Rider_2026_1\Rider2026.1\lib\lib-backend.jar;C:\_PROM_\DEV\JetBrains\Rider_2026_1\Rider2026.1\lib\lib.jar;C:\_PROM_\DEV\JetBrains\Rider_2026_1\Rider2026.1\lib\opentelemetry.jar;C:\_PROM_\DEV\JetBrains\Rider_2026_1\Rider2026.1\lib\product.jar;C:\_PROM_\DEV\JetBrains\Rider_2026_1\Rider2026.1\lib\rd-gen.jar;C:\_PROM_\DEV\JetBrains\Rider_2026_1\Rider2026.1\lib\stats.jar;C:\_PROM_\DEV\JetBrains\Rider_2026_1\Rider2026.1\lib\trove.jar;C:\_PROM_\DEV\JetBrains\Rider_2026_1\Rider2026.1\lib\util_rt.jar
Launcher Type: generic

[Global flags]
     bool AOTInvokeDynamicLinking                  = false                                  {diagnostic} {ergonomic}
     bool AOTRecordTraining                        = false                                  {diagnostic} {ergonomic}
     bool AOTReplayTraining                        = false                                  {diagnostic} {ergonomic}
     intx CICompilerCount                          = 2                                         {product} {command line}
     uint ConcGCThreads                            = 6                                         {product} {ergonomic}
    ccstr ErrorFile                                = $USER_HOME/java_error_in_idea_%p.log            {product} {command line}
     uint G1ConcRefinementThreads                  = 23                                        {product} {ergonomic}
   size_t G1HeapRegionSize                         = 1048576                                   {product} {ergonomic}
     bool HeapDumpOnOutOfMemoryError               = true                                   {manageable} {command line}
    ccstr HeapDumpPath                             = $USER_HOME/java_error_in_idea.hprof         {manageable} {command line}
     bool IgnoreUnrecognizedVMOptions              = true                                      {product} {command line}
   size_t InitialHeapSize                          = 268435456                                 {product} {command line}
     bool IntelJccErratumMitigation                = false                             {ARCH diagnostic} {ergonomic}
    uintx JbrShrinkingGcMaxHeapFreeRatio           = 40                                     {manageable} {command line}
   size_t MarkStackSize                            = 4194304                                   {product} {ergonomic}
   size_t MarkStackSizeMax                         = 536870912                                 {product} {ergonomic}
   size_t MaxHeapSize                              = 2147483648                                {product} {command line}
   size_t MaxNewSize                               = 1287651328                                {product} {ergonomic}
   size_t MinHeapDeltaBytes                        = 1048576                                   {product} {ergonomic}
   size_t MinHeapSize                              = 268435456                                 {product} {command line}
    uintx NonNMethodCodeHeapSize                   = 5767168                                {pd product} {ergonomic}
    uintx NonProfiledCodeHeapSize                  = 265617408                              {pd product} {ergonomic}
     bool OmitStackTraceInFastThrow                = false                                     {product} {command line}
    uintx ProfiledCodeHeapSize                     = 265486336                              {pd product} {ergonomic}
    uintx ReservedCodeCacheSize                    = 536870912                              {pd product} {command line, ergonomic}
     bool SegmentedCodeCache                       = true                                      {product} {ergonomic}
   size_t SoftMaxHeapSize                          = 2147483648                             {manageable} {ergonomic}
     intx SoftRefLRUPolicyMSPerMB                  = 50                                        {product} {command line}
     intx TieredOldPercentage                      = 100000                                 {diagnostic} {command line}
     bool UnlockDiagnosticVMOptions                = true                                   {diagnostic} {command line}
     bool UseCompressedOops                        = true                           {product lp64_product} {ergonomic}
     bool UseG1GC                                  = true                                      {product} {command line}
     bool UseLargePagesIndividualAllocation        = false                                  {pd product} {ergonomic}
      int X86ICacheSync                            = 3                                 {ARCH diagnostic} {ergonomic}

Logging:
Log output configuration:
 #0: stdout all=warning uptime,level,tags foldmultilines=false
 #1: stderr all=off uptime,level,tags foldmultilines=false

Release file:
JAVA_VERSION="25.0.2" 
MODULES="java.base java.datatransfer java.xml java.prefs java.desktop gluegen.rt java.compiler java.instrument java.logging java.management java.security.sasl java.naming java.rmi java.management.rmi java.net.http java.scripting java.security.jgss java.transaction.xa java.sql java.sql.rowset java.xml.crypto java.se java.smartcardio jogl.all jcef jdk.accessibility jdk.internal.jvmstat jdk.attach jdk.charsets jdk.internal.opt jdk.zipfs jdk.compiler jdk.crypto.cryptoki jdk.crypto.ec jdk.crypto.mscapi jdk.dynalink jdk.hotspot.agent jdk.httpserver jdk.internal.ed jdk.internal.le jdk.internal.md jdk.internal.vm.ci jdk.javadoc jdk.jcmd jdk.jdwp.agent jdk.jdi jdk.jfr jdk.localedata jdk.management jdk.management.agent jdk.management.jfr jdk.naming.dns jdk.naming.rmi jdk.net jdk.sctp jdk.security.auth jdk.security.jgss jdk.unsupported jdk.unsupported.desktop jdk.xml.dom" 
IMPLEMENTOR="JetBrains s.r.o." 
IMPLEMENTOR_VERSION="JBR-25.0.2+1-329.72-jcef" 
JAVA_RUNTIME_VERSION="25.0.2+1-b329.72" 
LIBC="default" 
OS_ARCH="x86_64" 
OS_NAME="Windows" 
SOURCE=".:git:80f896300e04+ jcef_git:git:4a605f44671a" 
JCEF_VERSION="137.0.17.1131+ga492f5c" 
JCEF_COMMIT_HASH="a492f5c1bbe877d2f58d4b066d0a1c89ab579b84" 
JCEF_VERSION_DETAILED=137.0.17-gf354b0e-chromium-137.0.7151.104-api-1.21-261-b65

Environment Variables:
PATH=C:\Windows\system32;C:\Windows;C:\Windows\System32\Wbem;C:\Windows\System32\WindowsPowerShell\v1.0\;C:\Windows\System32\OpenSSH\;C:\Program Files (x86)\NVIDIA Corporation\PhysX\Common;C:\Program Files\NVIDIA Corporation\NVIDIA App\NvDLISR;C:\Program Files\dotnet\;C:\Program Files\Microsoft SQL Server\170\Tools\Binn\;C:\Program Files\Microsoft SQL Server\Client SDK\ODBC\170\Tools\Binn\;C:\_PROM_\DEV\Git\cmd;C:\Program Files\Common Files\Autodesk Shared\;C:\Program Files\Microsoft SQL Server\150\Tools\Binn\;C:\Program Files\nodejs\;C:\Program Files (x86)\Windows Kits\10\Windows Performance Toolkit\;C:\_PROM_\AGENT\ripgrep-15.1.0-x86_64-pc-windows-msvc\;C:\Users\zhouht\AppData\Local\Microsoft\WindowsApps;C:\_PROM_\DEV\JetBrains\PyCharm_2025_3_2\bin;C:\Users\zhouht\AppData\Roaming\npm;C:\_PROM_\AGENT\OpenCode;C:\_PROM_\DEV\vscode;C:\_PROM_\AGENT\pi-windows-x64;C:\Users\zhouht\.dotnet\tools;C:\_PROM_\DEV\go\bin;C:\_PROM_\DEV\Redis-x64-5.0.14.1;C:\_PROM_\AGENT\CodeBuddy\bin
USERNAME=zhouht
OS=Windows_NT
PROCESSOR_IDENTIFIER=AMD64 Family 26 Model 68 Stepping 0, AuthenticAMD
TMP=C:\Users\zhouht\AppData\Local\Temp
TEMP=C:\Users\zhouht\AppData\Local\Temp




Compilation memory statistics disabled.

Periodic native trim disabled

JNI global refs:
JNI global refs: 185, weak refs: 196

JNI global refs memory usage: 2099, weak refs: 3993

Process memory usage:
Resident Set Size: 1029340K (6% of 15921232K total physical memory with 1037440K free physical memory)

OOME stack traces (most recent first):
Classloader memory used:
Loader com.intellij.util.lang.PathClassLoader                                          : 160 M
Loader com.intellij.ide.plugins.cl.PluginClassLoader                                   : 62303 K
Loader bootstrap                                                                       : 43835 K
Loader jdk.internal.loader.ClassLoaders$PlatformClassLoader                            : 1990 K
Loader jdk.internal.loader.ClassLoaders$AppClassLoader                                 : 499 K
Loader sun.reflect.misc.MethodUtil                                                     : 3064 B

Classes loaded by more than one classloader:
Class kotlin.UninitializedPropertyAccessException                                     : loaded 4 times (x 84B)
Class kotlin.KotlinNullPointerException                                               : loaded 4 times (x 84B)
Class kotlin.jvm.internal.Intrinsics                                                  : loaded 4 times (x 73B)
Class kotlin.text.StringsKt__StringsKt                                                : loaded 3 times (x 73B)
Class kotlin.NotImplementedError                                                      : loaded 3 times (x 84B)
Class [Lkotlinx.serialization.json.internal.WriteMode;                                : loaded 3 times (x 71B)
Class kotlin.collections.CollectionsKt                                                : loaded 3 times (x 73B)
Class kotlinx.serialization.SerializationException                                    : loaded 3 times (x 84B)
Class kotlin.coroutines.intrinsics.IntrinsicsKt__IntrinsicsJvmKt                      : loaded 3 times (x 73B)
Class kotlinx.serialization.json.internal.JsonNamesMapKt                              : loaded 3 times (x 73B)
Class kotlin.jvm.internal.markers.KMappedMarker                                       : loaded 3 times (x 72B)
Class kotlinx.serialization.json.internal.StreamingJsonDecoder$WhenMappings           : loaded 3 times (x 73B)
Class kotlin.io.TextStreamsKt                                                         : loaded 3 times (x 73B)
Class kotlinx.serialization.json.internal.AbstractJsonLexer                           : loaded 3 times (x 88B)
Class kotlinx.serialization.MissingFieldException                                     : loaded 3 times (x 84B)
Class kotlin.NoWhenBranchMatchedException                                             : loaded 3 times (x 84B)
Class kotlin.text.StringsKt__StringBuilderKt                                          : loaded 3 times (x 73B)
Class kotlin.LazyKt                                                                   : loaded 3 times (x 73B)
Class kotlinx.serialization.internal.GeneratedSerializer                              : loaded 3 times (x 72B)
Class kotlin.ranges.RangesKt___RangesKt                                               : loaded 3 times (x 73B)
Class kotlinx.serialization.SerialFormat                                              : loaded 3 times (x 72B)
Class kotlin.text.Charsets                                                            : loaded 3 times (x 73B)
Class kotlin.collections.MapsKt                                                       : loaded 3 times (x 73B)
Class kotlin.collections.CollectionsKt__IterablesKt                                   : loaded 3 times (x 73B)
Class kotlin.collections.CollectionsKt__ReversedViewsKt                               : loaded 3 times (x 73B)
Class kotlin.collections.EmptyMap                                                     : loaded 3 times (x 110B)
Class [Lkotlinx.serialization.KSerializer;                                            : loaded 3 times (x 71B)
Class kotlin.coroutines.intrinsics.IntrinsicsKt                                       : loaded 3 times (x 73B)
Class [Lkotlinx.serialization.json.ClassDiscriminatorMode;                            : loaded 3 times (x 71B)
Class kotlin.collections.CollectionsKt__MutableCollectionsJVMKt                       : loaded 3 times (x 73B)
Class kotlin.text.StringsKt___StringsKt                                               : loaded 3 times (x 73B)
Class kotlinx.serialization.descriptors.PolymorphicKind                               : loaded 3 times (x 73B)
Class kotlinx.serialization.json.internal.AbstractJsonLexerKt                         : loaded 3 times (x 73B)
Class kotlin.collections.MapsKt__MapWithDefaultKt                                     : loaded 3 times (x 73B)
Class kotlinx.serialization.UnknownFieldException                                     : loaded 3 times (x 84B)
Class kotlinx.serialization.json.internal.WriteMode                                   : loaded 3 times (x 81B)
Class kotlin.collections.MapsKt___MapsKt                                              : loaded 3 times (x 73B)
Class kotlin.annotation.Retention                                                     : loaded 3 times (x 72B)
Class kotlin.text.StringsKt___StringsJvmKt                                            : loaded 3 times (x 73B)
Class kotlin.annotation.Target                                                        : loaded 3 times (x 72B)
Class kotlin.collections.AbstractList$Companion                                       : loaded 3 times (x 73B)
Class kotlin.collections.CollectionsKt___CollectionsKt                                : loaded 3 times (x 73B)
Class [Lkotlinx.serialization.SerializationStrategy;                                  : loaded 3 times (x 71B)
Class kotlinx.serialization.json.JsonImpl                                             : loaded 3 times (x 82B)
Class kotlin.ranges.RangesKt                                                          : loaded 3 times (x 73B)
Class kotlin.TuplesKt                                                                 : loaded 3 times (x 73B)
Class kotlin.collections.CollectionsKt___CollectionsJvmKt                             : loaded 3 times (x 73B)
Class [Lkotlinx.serialization.descriptors.SerialDescriptor;                           : loaded 3 times (x 71B)
Class [Lkotlinx.serialization.DeserializationStrategy;                                : loaded 3 times (x 71B)
Class kotlinx.serialization.json.internal.StringJsonLexer                             : loaded 3 times (x 89B)
Class kotlin.text.StringsKt__AppendableKt                                             : loaded 3 times (x 73B)
Class kotlinx.serialization.json.internal.CharMappings                                : loaded 3 times (x 73B)
Class kotlinx.serialization.SerializationStrategy                                     : loaded 3 times (x 72B)
Class kotlin.ranges.RangesKt__RangesKt                                                : loaded 3 times (x 73B)
Class kotlin.UNINITIALIZED_VALUE                                                      : loaded 3 times (x 73B)
Class kotlin.LazyKt__LazyKt                                                           : loaded 3 times (x 73B)
Class kotlin.text.StringsKt__StringBuilderJVMKt                                       : loaded 3 times (x 73B)
Class kotlin.collections.AbstractCollection                                           : loaded 3 times (x 119B)
Class kotlin.collections.AbstractList                                                 : loaded 3 times (x 199B)
Class kotlin.text.StringsKt__StringNumberConversionsJVMKt                             : loaded 3 times (x 73B)
Class kotlinx.serialization.json.JsonBuilder                                          : loaded 3 times (x 74B)
Class kotlinx.serialization.json.JsonKt                                               : loaded 3 times (x 73B)
Class kotlinx.serialization.modules.SerializersModuleKt                               : loaded 3 times (x 73B)
Class kotlin.SynchronizedLazyImpl                                                     : loaded 3 times (x 78B)
Class kotlin.text.StringsKt__RegexExtensionsKt                                        : loaded 3 times (x 73B)
Class kotlinx.serialization.json.internal.CreateMapForCacheKt                         : loaded 3 times (x 73B)
Class kotlinx.serialization.StringFormat                                              : loaded 3 times (x 72B)
Class kotlinx.serialization.internal.PluginGeneratedSerialDescriptor                  : loaded 3 times (x 101B)
Class kotlinx.serialization.json.JsonDecoder                                          : loaded 3 times (x 72B)
Class kotlinx.serialization.json.internal.DescriptorSchemaCache                       : loaded 3 times (x 74B)
Class kotlinx.serialization.internal.AbstractPolymorphicSerializer                    : loaded 3 times (x 88B)
Class kotlinx.serialization.descriptors.StructureKind$MAP                             : loaded 3 times (x 73B)
Class kotlinx.serialization.json.internal.JsonDecodingException                       : loaded 3 times (x 84B)
Class kotlinx.serialization.json.Json                                                 : loaded 3 times (x 82B)
Class kotlinx.serialization.DeserializationStrategy                                   : loaded 3 times (x 72B)
Class kotlinx.serialization.json.internal.DescriptorSchemaCache$Key                   : loaded 3 times (x 73B)
Class kotlinx.serialization.json.ClassDiscriminatorMode                               : loaded 3 times (x 81B)
Class kotlinx.serialization.json.internal.StringJsonLexerKt                           : loaded 3 times (x 73B)
Class kotlinx.serialization.descriptors.StructureKind$LIST                            : loaded 3 times (x 73B)
Class kotlin.text.StringsKt__StringNumberConversionsKt                                : loaded 3 times (x 73B)
Class kotlinx.serialization.json.internal.JsonPath                                    : loaded 3 times (x 74B)
Class kotlin.text.StringsKt__RegexExtensionsJVMKt                                     : loaded 3 times (x 73B)
Class kotlin.collections.CollectionsKt__CollectionsKt                                 : loaded 3 times (x 73B)
Class kotlin.LazyKt__LazyJVMKt                                                        : loaded 3 times (x 73B)
Class kotlinx.serialization.descriptors.SerialKind                                    : loaded 3 times (x 73B)
Class kotlinx.serialization.encoding.CompositeDecoder                                 : loaded 3 times (x 72B)
Class kotlin.text.StringsKt                                                           : loaded 3 times (x 73B)
Class kotlinx.serialization.json.internal.JsonEncodingException                       : loaded 3 times (x 84B)
Class kotlin.collections.CollectionsKt__IteratorsKt                                   : loaded 3 times (x 73B)
Class kotlinx.serialization.internal.CachedNames                                      : loaded 3 times (x 72B)
Class kotlin.collections.CollectionsKt__CollectionsJVMKt                              : loaded 3 times (x 73B)
Class kotlinx.serialization.KSerializer                                               : loaded 3 times (x 72B)
Class kotlin.coroutines.intrinsics.IntrinsicsKt__IntrinsicsKt                         : loaded 3 times (x 73B)
Class kotlinx.serialization.json.internal.JsonException                               : loaded 3 times (x 84B)
Class kotlinx.serialization.json.JsonConfiguration                                    : loaded 3 times (x 74B)
Class kotlin.collections.CollectionsKt__IteratorsJVMKt                                : loaded 3 times (x 73B)
Class com.intellij.ultimate.PluginVerifier                                            : loaded 3 times (x 73B)
Class kotlinx.serialization.descriptors.StructureKind$CLASS                           : loaded 3 times (x 73B)
Class kotlin.Metadata                                                                 : loaded 3 times (x 72B)
Class kotlinx.serialization.descriptors.StructureKind                                 : loaded 3 times (x 73B)
Class kotlin.collections.MapsKt__MapsKt                                               : loaded 3 times (x 73B)
Class kotlinx.serialization.modules.SerializersModuleBuildersKt                       : loaded 3 times (x 73B)
Class kotlinx.serialization.descriptors.SerialDescriptor                              : loaded 3 times (x 72B)
Class kotlinx.serialization.encoding.Decoder                                          : loaded 3 times (x 72B)
Class kotlinx.serialization.json.internal.StreamingJsonDecoder                        : loaded 3 times (x 175B)
Class kotlin.text.StringsKt__IndentKt                                                 : loaded 3 times (x 73B)
Class kotlinx.serialization.modules.SerialModuleImpl                                  : loaded 3 times (x 79B)
Class kotlin.text.StringsKt__StringsJVMKt                                             : loaded 3 times (x 73B)
Class kotlinx.serialization.json.internal.WriteModeKt                                 : loaded 3 times (x 73B)
Class kotlin.ResultKt                                                                 : loaded 3 times (x 73B)
Class kotlin.collections.MapsKt__MapsJVMKt                                            : loaded 3 times (x 73B)
Class kotlinx.serialization.modules.SerializersModule                                 : loaded 3 times (x 78B)
Class kotlinx.serialization.encoding.AbstractDecoder                                  : loaded 3 times (x 136B)
Class kotlinx.serialization.encoding.CompositeDecoder$Companion                       : loaded 3 times (x 73B)
Class kotlinx.serialization.json.Json$Default                                         : loaded 3 times (x 82B)
Class kotlin.collections.CollectionsKt__MutableCollectionsKt                          : loaded 3 times (x 73B)
Class kotlin.io.CloseableKt                                                           : loaded 3 times (x 73B)
Class kotlinx.serialization.encoding.ChunkedDecoder                                   : loaded 3 times (x 72B)
Class io.ktor.client.request.HttpRequestPipeline$Phases                               : loaded 2 times (x 73B)
Class io.ktor.util.CollectionsJvmKt                                                   : loaded 2 times (x 73B)
Class io.ktor.utils.io.ByteChannel$flush$1                                            : loaded 2 times (x 89B)
Class io.ktor.network.selector.InterestSuspensionsMap$Companion$updaters$1$property$1 : loaded 2 times (x 143B)
Class io.ktor.client.plugins.api.CreatePluginUtilsKt                                  : loaded 2 times (x 73B)
Class kotlin.io.TerminateException                                                    : loaded 2 times (x 84B)
Class kotlin.io.FilesKt__FilePathComponentsKt                                         : loaded 2 times (x 73B)
Class com.sun.jna.platform.win32.Tlhelp32$THREADENTRY32                               : loaded 2 times (x 125B)
Class io.ktor.network.selector.InterestSuspensionsMap$Companion$updaters$1$property$2 : loaded 2 times (x 143B)
Class io.ktor.http.IllegalHeaderNameException                                         : loaded 2 times (x 84B)
Class io.ktor.utils.io.core.StringsKt                                                 : loaded 2 times (x 73B)
Class io.ktor.client.plugins.api.ClientHook                                           : loaded 2 times (x 72B)
Class io.ktor.util.AttributesJvmKt                                                    : loaded 2 times (x 73B)
Class io.ktor.client.plugins.HttpClientPluginKt                                       : loaded 2 times (x 73B)
Class kotlin.text.CharsKt                                                             : loaded 2 times (x 73B)
Class com.sun.jna.platform.win32.Advapi32Util                                         : loaded 2 times (x 73B)
Class io.ktor.network.selector.InterestSuspensionsMap$Companion$updaters$1$property$3 : loaded 2 times (x 143B)
Class io.ktor.client.request.UnixSocketSettings                                       : loaded 2 times (x 74B)
Class io.ktor.client.request.ResponseAdapter                                          : loaded 2 times (x 72B)
Class io.ktor.client.plugins.AfterRenderHook                                          : loaded 2 times (x 76B)
Class io.ktor.client.HttpClient$2                                                     : loaded 2 times (x 97B)
Class io.ktor.utils.io.charsets.MalformedInputException                               : loaded 2 times (x 86B)
Class org.slf4j.spi.MDCAdapter                                                        : loaded 2 times (x 72B)
Class io.ktor.client.plugins.HttpRequestRetryConfig                                   : loaded 2 times (x 74B)
Class io.ktor.network.selector.InterestSuspensionsMap$Companion$updaters$1$property$4 : loaded 2 times (x 143B)
Class io.ktor.http.HttpHeaders                                                        : loaded 2 times (x 73B)
Class com.sun.jna.platform.win32.WinNT$HANDLE                                         : loaded 2 times (x 84B)
Class kotlinx.serialization.Serializable                                              : loaded 2 times (x 72B)
Class io.ktor.utils.io.ByteChannelUtilsKt                                             : loaded 2 times (x 73B)
Class io.ktor.client.HttpClient$4                                                     : loaded 2 times (x 97B)
Class io.ktor.util.pipeline.PhaseContent$Companion                                    : loaded 2 times (x 73B)
Class io.ktor.client.plugins.api.Send$Sender                                          : loaded 2 times (x 77B)
Class io.ktor.client.engine.KtorCallContextElement                                    : loaded 2 times (x 86B)
Class kotlin.collections.EmptyList                                                    : loaded 2 times (x 176B)
Class io.ktor.utils.io.ClosedByteChannelException                                     : loaded 2 times (x 84B)
Class io.ktor.network.selector.InterestSuspensionsMap                                 : loaded 2 times (x 74B)
Class io.ktor.network.sockets.AReadable                                               : loaded 2 times (x 72B)
Class io.ktor.client.plugins.HttpPlainTextKt$HttpPlainText$1                          : loaded 2 times (x 131B)
Class io.ktor.client.statement.HttpResponsePipeline$Phases                            : loaded 2 times (x 73B)
Class io.ktor.util.AttributeKey                                                       : loaded 2 times (x 74B)
Class com.sun.jna.platform.win32.WinNT$ACL                                            : loaded 2 times (x 126B)
Class com.sun.jna.platform.win32.WinBase$DCB                                          : loaded 2 times (x 125B)
Class io.ktor.utils.io.ByteChannel$Slot$Read                                          : loaded 2 times (x 81B)
Class io.ktor.utils.io.ByteChannel                                                    : loaded 2 times (x 100B)
Class io.ktor.client.engine.cio.Endpoint$makeDedicatedRequest$1                       : loaded 2 times (x 89B)
Class io.ktor.http.URLDecodeException                                                 : loaded 2 times (x 84B)
Class io.ktor.client.plugins.api.ClientPluginInstance                                 : loaded 2 times (x 80B)
Class io.ktor.utils.io.core.BytePacketBuilderKt                                       : loaded 2 times (x 73B)
Class io.ktor.network.selector.SelectInterest$Companion                               : loaded 2 times (x 73B)
Class io.ktor.network.sockets.SocketOptions                                           : loaded 2 times (x 76B)
Class io.ktor.client.engine.cio.Endpoint$timeout$1                                    : loaded 2 times (x 97B)
Class io.ktor.http.HttpHeadersKt                                                      : loaded 2 times (x 73B)
Class io.ktor.http.UrlDecodedParametersBuilderKt                                      : loaded 2 times (x 73B)
Class kotlin.collections.ArraysKt__ArraysKt                                           : loaded 2 times (x 73B)
Class com.sun.jna.platform.win32.WinDef$ULONG                                         : loaded 2 times (x 94B)
Class com.sun.jna.platform.win32.WinNT$TOKEN_PRIVILEGES                               : loaded 2 times (x 125B)
Class io.ktor.util.Entry                                                              : loaded 2 times (x 83B)
Class io.ktor.network.tls.extensions.HashAlgorithm$Companion                          : loaded 2 times (x 73B)
Class kotlin.collections.SetsKt__SetsJVMKt                                            : loaded 2 times (x 73B)
Class com.sun.jna.platform.win32.WinDef$BOOLByReference                               : loaded 2 times (x 86B)
Class io.ktor.utils.io.ByteChannel$Slot$Task                                          : loaded 2 times (x 72B)
Class io.ktor.network.tls.TLSException                                                : loaded 2 times (x 84B)
Class kotlin.io.FileAlreadyExistsException                                            : loaded 2 times (x 84B)
Class com.sun.jna.platform.win32.WinReg                                               : loaded 2 times (x 72B)
Class com.sun.jna.platform.win32.WinNT$GENERIC_MAPPING                                : loaded 2 times (x 125B)
Class io.ktor.util.StringValuesBuilderImpl                                            : loaded 2 times (x 115B)
Class org.slf4j.ILoggerFactory                                                        : loaded 2 times (x 72B)
Class io.ktor.network.selector.LockFreeMPSCQueue                                      : loaded 2 times (x 74B)
Class kotlinx.serialization.internal.PrimitiveSerialDescriptor                        : loaded 2 times (x 87B)
Class io.ktor.utils.io.ByteWriteChannelOperationsKt$writer$job$1                      : loaded 2 times (x 97B)
Class io.ktor.client.plugins.SetupRequestContext$install$1$1                          : loaded 2 times (x 82B)
Class org.slf4j.helpers.ThreadLocalMapOfStacks                                        : loaded 2 times (x 78B)
Class io.ktor.utils.io.BufferedByteWriteChannel                                       : loaded 2 times (x 72B)
Class io.ktor.utils.io.ByteReadChannel                                                : loaded 2 times (x 72B)
Class [Lio.ktor.network.tls.extensions.SignatureAlgorithm;                            : loaded 2 times (x 71B)
Class io.ktor.network.sockets.CIOWriterKt                                             : loaded 2 times (x 73B)
Class io.ktor.client.plugins.HttpCallValidatorKt$HttpCallValidator$2$1                : loaded 2 times (x 97B)
Class com.sun.jna.platform.win32.WinNT$LARGE_INTEGER                                  : loaded 2 times (x 133B)
Class io.ktor.http.UrlDecodedParametersBuilder                                        : loaded 2 times (x 98B)
Class io.ktor.client.plugins.HttpCallValidatorKt$HttpCallValidator$2$2                : loaded 2 times (x 97B)
Class io.ktor.client.plugins.AfterRenderHook$install$1                                : loaded 2 times (x 97B)
Class io.ktor.client.request.HttpSendPipeline$Phases                                  : loaded 2 times (x 73B)
Class org.slf4j.spi.SLF4JServiceProvider                                              : loaded 2 times (x 72B)
Class [Lio.ktor.client.engine.HttpClientEngineCapability;                             : loaded 2 times (x 71B)
Class io.ktor.network.tls.SecretExchangeType                                          : loaded 2 times (x 81B)
Class com.sun.jna.platform.win32.WinBase$EnumResTypeProc                              : loaded 2 times (x 72B)
Class com.sun.jna.platform.win32.WinDef$HMODULE                                       : loaded 2 times (x 84B)
Class io.ktor.utils.io.core.ByteReadPacketExtensions_jvmKt                            : loaded 2 times (x 73B)
Class io.ktor.network.sockets.ConnectUtilsJvmKt$tcpConnect$1                          : loaded 2 times (x 89B)
Class io.ktor.client.engine.UtilsKt$attachToUserJob$2                                 : loaded 2 times (x 77B)
Class io.ktor.client.statement.HttpStatement$fetchResponse$1                          : loaded 2 times (x 89B)
Class io.ktor.client.plugins.HttpCallValidatorKt$HttpCallValidator$2$3                : loaded 2 times (x 97B)
Class [Lio.ktor.http.HttpMethod;                                                      : loaded 2 times (x 71B)
Class io.ktor.client.plugins.DoubleReceivePluginKt                                    : loaded 2 times (x 73B)
Class io.ktor.client.plugins.HttpRequestLifecycleKt                                   : loaded 2 times (x 73B)
Class com.sun.jna.platform.win32.WinBase$TIME_ZONE_INFORMATION                        : loaded 2 times (x 125B)
Class io.ktor.util.Platform                                                           : loaded 2 times (x 73B)
Class kotlin.collections.SetsKt                                                       : loaded 2 times (x 73B)
Class kotlinx.serialization.internal.PlatformKt                                       : loaded 2 times (x 73B)
Class kotlinx.io.SourcesKt                                                            : loaded 2 times (x 73B)
Class kotlinx.io.unsafe.SegmentWriteContext                                           : loaded 2 times (x 72B)
Class io.ktor.util.pipeline.PipelinePhaseRelation$Before                              : loaded 2 times (x 74B)
Class io.ktor.client.plugins.HttpCallValidatorKt$HttpCallValidator$2$4                : loaded 2 times (x 97B)
Class io.ktor.client.engine.cio.CIOEngine$execute$1                                   : loaded 2 times (x 89B)
Class io.ktor.http.ParametersBuilderImpl                                              : loaded 2 times (x 118B)
Class io.ktor.client.statement.HttpResponse                                           : loaded 2 times (x 87B)
Class io.ktor.client.plugins.AfterReceiveHook$install$1                               : loaded 2 times (x 97B)
Class org.slf4j.Logger                                                                : loaded 2 times (x 72B)
Class io.ktor.client.statement.HttpReceivePipeline                                    : loaded 2 times (x 76B)
Class io.ktor.client.plugins.websocket.WebSocketExtensionsCapability                  : loaded 2 times (x 73B)
Class io.ktor.client.plugins.api.SetupRequest$install$1                               : loaded 2 times (x 97B)
Class io.ktor.client.plugins.HttpRequestRetryKt                                       : loaded 2 times (x 73B)
Class io.ktor.client.plugins.HttpSend$DefaultSender                                   : loaded 2 times (x 77B)
Class io.ktor.network.sockets.AWritable                                               : loaded 2 times (x 72B)
Class [Lio.ktor.network.selector.SelectInterest;                                      : loaded 2 times (x 71B)
Class io.ktor.http.ParametersImpl                                                     : loaded 2 times (x 100B)
Class io.ktor.client.plugins.HttpPlainTextConfig                                      : loaded 2 times (x 74B)
Class io.ktor.client.HttpClientConfig                                                 : loaded 2 times (x 74B)
Class io.ktor.network.selector.ActorSelectorManager                                   : loaded 2 times (x 92B)
Class com.sun.jna.platform.win32.WinNT$TOKEN_ELEVATION                                : loaded 2 times (x 125B)
Class com.sun.jna.platform.win32.WinDef$DWORDByReference                              : loaded 2 times (x 86B)
Class kotlinx.serialization.descriptors.ClassSerialDescriptorBuilder                  : loaded 2 times (x 74B)
Class kotlinx.io.Utf8Kt                                                               : loaded 2 times (x 73B)
Class io.ktor.network.sockets.CIOWriterKt$attachForWritingDirectImpl$1$timeout$1      : loaded 2 times (x 97B)
Class io.ktor.network.selector.SelectInterest                                         : loaded 2 times (x 81B)
Class io.ktor.client.engine.UtilsKt                                                   : loaded 2 times (x 73B)
Class io.ktor.client.plugins.HttpPlainTextKt$HttpPlainText$2$1                        : loaded 2 times (x 97B)
Class io.ktor.client.plugins.BodyProgressKt                                           : loaded 2 times (x 73B)
Class org.slf4j.Marker                                                                : loaded 2 times (x 72B)
Class io.ktor.client.engine.ClientEngineClosedException                               : loaded 2 times (x 84B)
Class io.ktor.utils.io.charsets.TooLongLineException                                  : loaded 2 times (x 86B)
Class kotlinx.io.unsafe.UnsafeBufferOperationsKt$SegmentReadContextImpl$1             : loaded 2 times (x 76B)
Class kotlinx.serialization.descriptors.PolymorphicKind$SEALED                        : loaded 2 times (x 73B)
Class kotlin.comparisons.ComparisonsKt___ComparisonsJvmKt                             : loaded 2 times (x 73B)
Class [Lcom.sun.jna.platform.win32.Wincon$INPUT_RECORD;                               : loaded 2 times (x 71B)
Class io.ktor.utils.io.ByteChannel$Slot$Closed                                        : loaded 2 times (x 74B)
Class io.ktor.network.sockets.ASocket                                                 : loaded 2 times (x 72B)
Class io.ktor.client.engine.cio.Endpoint$connect$1                                    : loaded 2 times (x 89B)
Class io.ktor.util.CaseInsensitiveString                                              : loaded 2 times (x 74B)
Class io.ktor.client.plugins.HttpPlainTextKt$HttpPlainText$2$2                        : loaded 2 times (x 97B)
Class io.ktor.client.plugins.ReceiveError$install$1                                   : loaded 2 times (x 97B)
Class io.ktor.client.plugins.DoubleReceivePluginKt$SaveBodyPlugin$1                   : loaded 2 times (x 131B)
Class io.ktor.util.Platform$WasmJs                                                    : loaded 2 times (x 74B)
Class io.ktor.client.engine.cio.CIOEngine$1                                           : loaded 2 times (x 97B)
Class io.ktor.client.engine.HttpClientEngine$install$1                                : loaded 2 times (x 97B)
Class com.sun.jna.platform.win32.WinNT$HRESULT                                        : loaded 2 times (x 89B)
Class kotlinx.serialization.internal.InlineClassDescriptorKt$InlinePrimitiveDescriptor$1: loaded 2 times (x 92B)
Class kotlinx.io.unsafe.SegmentReadContext                                            : loaded 2 times (x 72B)
Class io.ktor.network.sockets.CIOReaderKt                                             : loaded 2 times (x 73B)
Class io.ktor.network.selector.InterestSuspensionsMap$Companion                       : loaded 2 times (x 73B)
Class kotlin.SafePublicationLazyImpl                                                  : loaded 2 times (x 78B)
Class kotlinx.io.unsafe.UnsafeBufferOperationsKt$SegmentWriteContextImpl$1            : loaded 2 times (x 79B)
Class io.ktor.client.request.RequestBodyKt                                            : loaded 2 times (x 73B)
Class io.ktor.client.plugins.DefaultTransformersJvmKt$platformResponseDefaultTransformers$1: loaded 2 times (x 97B)
Class io.ktor.util.pipeline.PipelineContextKt                                         : loaded 2 times (x 73B)
Class io.ktor.util.CoroutinesUtilsKt$SilentSupervisor$$inlined$CoroutineExceptionHandler$1: loaded 2 times (x 94B)
Class io.ktor.network.tls.platform.PlatformVersion$Companion                          : loaded 2 times (x 73B)
Class io.ktor.client.engine.cio.Endpoint$connect$2$connect$1                          : loaded 2 times (x 97B)
Class io.ktor.network.sockets.TypeOfService$Companion                                 : loaded 2 times (x 73B)
Class kotlin.text.RegexKt                                                             : loaded 2 times (x 73B)
Class com.sun.jna.platform.win32.WinNT$PRIVILEGE_SET                                  : loaded 2 times (x 125B)
Class kotlinx.serialization.descriptors.PrimitiveKind                                 : loaded 2 times (x 73B)
Class kotlinx.serialization.json.JsonElementKt                                        : loaded 2 times (x 73B)
Class io.ktor.utils.io.ByteReadChannel$Companion                                      : loaded 2 times (x 73B)
Class io.ktor.utils.io.ReaderScope                                                    : loaded 2 times (x 77B)
Class io.ktor.utils.io.WriterScope                                                    : loaded 2 times (x 77B)
Class io.ktor.client.plugins.Sender                                                   : loaded 2 times (x 72B)
Class org.slf4j.event.LoggingEvent                                                    : loaded 2 times (x 72B)
Class [Lio.ktor.network.tls.CipherSuite;                                              : loaded 2 times (x 71B)
Class io.ktor.client.engine.HttpClientEngine                                          : loaded 2 times (x 72B)
Class com.sun.jna.platform.win32.Tlhelp32$PROCESSENTRY32                              : loaded 2 times (x 125B)
Class kotlin.io.FilesKt__UtilsKt                                                      : loaded 2 times (x 73B)
Class kotlinx.io.unsafe.UnsafeBufferOperations                                        : loaded 2 times (x 73B)
Class io.ktor.client.engine.cio.Proxy_jvmKt                                           : loaded 2 times (x 73B)
Class io.ktor.client.request.HttpRequestData                                          : loaded 2 times (x 74B)
Class io.ktor.client.plugins.HttpRetryDelayContext                                    : loaded 2 times (x 74B)
Class io.ktor.client.plugins.AfterReceiveHook                                         : loaded 2 times (x 76B)
Class [Lio.ktor.util.pipeline.PipelinePhase;                                          : loaded 2 times (x 71B)
Class org.slf4j.helpers.LegacyAbstractLogger                                          : loaded 2 times (x 217B)
Class io.ktor.util.Attributes                                                         : loaded 2 times (x 72B)
Class kotlin.jvm.internal.FunctionBase                                                : loaded 2 times (x 72B)
Class kotlin.enums.EnumEntriesList                                                    : loaded 2 times (x 225B)
Class com.sun.jna.platform.win32.WinNT$TOKEN_GROUPS                                   : loaded 2 times (x 126B)
Class com.sun.jna.platform.win32.WinNT$PSID                                           : loaded 2 times (x 127B)
Class kotlinx.serialization.json.JsonPrimitive$Companion                              : loaded 2 times (x 73B)
Class io.ktor.utils.io.ByteWriteChannelKt                                             : loaded 2 times (x 73B)
Class io.ktor.util.date.DateJvmKt                                                     : loaded 2 times (x 73B)
Class kotlinx.io.RawSource                                                            : loaded 2 times (x 72B)
Class kotlin.text.Regex$Companion                                                     : loaded 2 times (x 73B)
Class io.ktor.network.sockets.ConnectUtilsJvmKt                                       : loaded 2 times (x 73B)
Class io.ktor.util.pipeline.PipelineContext                                           : loaded 2 times (x 84B)
Class io.ktor.http.URLProtocol                                                        : loaded 2 times (x 74B)
Class io.ktor.util.pipeline.PipelinePhaseRelation$After                               : loaded 2 times (x 74B)
Class io.ktor.client.plugins.HttpCallValidatorConfig                                  : loaded 2 times (x 74B)
Class kotlin.collections.ArraysKt___ArraysJvmKt                                       : loaded 2 times (x 73B)
Class [Lcom.sun.jna.platform.win32.WinNT$HANDLE;                                      : loaded 2 times (x 71B)
Class io.ktor.network.sockets.TypeOfService                                           : loaded 2 times (x 73B)
Class io.ktor.http.URLUtilsJvmKt                                                      : loaded 2 times (x 73B)
Class io.ktor.util.DelegatingMutableSet                                               : loaded 2 times (x 146B)
Class org.slf4j.helpers.NOPMDCAdapter                                                 : loaded 2 times (x 95B)
Class io.ktor.http.HttpMessageBuilder                                                 : loaded 2 times (x 72B)
Class io.ktor.client.engine.cio.CIOEngineConfig                                       : loaded 2 times (x 74B)
Class io.ktor.http.HttpMethod                                                         : loaded 2 times (x 74B)
Class kotlin.text.MatchNamedGroupCollection                                           : loaded 2 times (x 72B)
Class kotlin.io.FilesKt__FileReadWriteKt                                              : loaded 2 times (x 73B)
Class com.sun.jna.platform.win32.WinReg$HKEY                                          : loaded 2 times (x 84B)
Class io.ktor.utils.io.ByteWriteChannel                                               : loaded 2 times (x 72B)
Class io.ktor.network.sockets.SocketsKt                                               : loaded 2 times (x 73B)
Class io.ktor.network.sockets.BuildersKt                                              : loaded 2 times (x 73B)
Class io.ktor.http.HeadersBuilder                                                     : loaded 2 times (x 115B)
Class io.ktor.client.plugins.RenderRequestHook                                        : loaded 2 times (x 76B)
Class io.ktor.client.plugins.HttpRedirectConfig                                       : loaded 2 times (x 73B)
Class org.slf4j.spi.LoggingEventBuilder                                               : loaded 2 times (x 72B)
Class org.slf4j.helpers.NOPLoggerFactory                                              : loaded 2 times (x 77B)
Class io.ktor.util.CaseInsensitiveMap                                                 : loaded 2 times (x 114B)
Class com.sun.jna.platform.win32.WinBase$FILETIME                                     : loaded 2 times (x 128B)
Class kotlinx.serialization.internal.InlineClassDescriptor                            : loaded 2 times (x 101B)
Class kotlinx.io.SegmentPool                                                          : loaded 2 times (x 73B)
Class com.sun.jna.platform.win32.WinBase                                              : loaded 2 times (x 72B)
Class io.ktor.network.selector.ActorSelectorManager$select$1                          : loaded 2 times (x 89B)
Class io.ktor.client.utils.ClientEventsKt                                             : loaded 2 times (x 73B)
Class io.ktor.http.ParametersKt                                                       : loaded 2 times (x 73B)
Class io.ktor.util.pipeline.PipelinePhase                                             : loaded 2 times (x 74B)
Class io.ktor.network.tls.TLSConfigBuilder                                            : loaded 2 times (x 74B)
Class io.ktor.client.engine.HttpClientEngineCapabilityKt                              : loaded 2 times (x 73B)
Class com.sun.jna.platform.win32.WinNT$OSVERSIONINFOEX                                : loaded 2 times (x 132B)
Class kotlinx.serialization.internal.Platform_commonKt                                : loaded 2 times (x 73B)
Class io.ktor.client.plugins.api.HookHandler                                          : loaded 2 times (x 74B)
Class io.ktor.client.engine.cio.ConnectionFactory                                     : loaded 2 times (x 74B)
Class io.ktor.network.tls.extensions.HashAlgorithm                                    : loaded 2 times (x 81B)
Class kotlin.coroutines.jvm.internal.SuspendLambda                                    : loaded 2 times (x 93B)
Class io.ktor.events.Events                                                           : loaded 2 times (x 74B)
Class org.slf4j.helpers.AbstractLogger                                                : loaded 2 times (x 217B)
Class io.ktor.utils.io.ReaderJob                                                      : loaded 2 times (x 77B)
Class io.ktor.client.engine.HttpClientEngineKt                                        : loaded 2 times (x 73B)
Class io.ktor.client.plugins.HttpSend$InterceptedSender                               : loaded 2 times (x 77B)
Class io.ktor.client.plugins.HttpCallValidatorKt$HttpCallValidator$1                  : loaded 2 times (x 131B)
Class io.ktor.client.plugins.api.Send                                                 : loaded 2 times (x 76B)
Class kotlin.enums.EnumEntries                                                        : loaded 2 times (x 72B)
Class com.sun.jna.platform.win32.WinNT$PACLByReference                                : loaded 2 times (x 86B)
Class com.sun.jna.platform.win32.WinError                                             : loaded 2 times (x 72B)
Class kotlinx.serialization.json.JsonPrimitive                                        : loaded 2 times (x 75B)
Class io.ktor.utils.io.CloseHookByteWriteChannel                                      : loaded 2 times (x 83B)
Class io.ktor.util.pipeline.PipelineContext_jvmKt                                     : loaded 2 times (x 73B)
Class io.ktor.util.AttributesKt                                                       : loaded 2 times (x 73B)
Class org.slf4j.helpers.SubstituteLoggerFactory                                       : loaded 2 times (x 83B)
Class io.ktor.client.plugins.HttpTimeoutCapability                                    : loaded 2 times (x 73B)
Class io.ktor.util.CharsetKt                                                          : loaded 2 times (x 73B)
Class io.ktor.http.Url$Companion                                                      : loaded 2 times (x 73B)
Class com.google.gson.JsonParseException                                              : loaded 2 times (x 84B)
Class kotlinx.serialization.encoding.CompositeEncoder                                 : loaded 2 times (x 72B)
Class kotlinx.serialization.json.JsonElementSerializersKt                             : loaded 2 times (x 73B)
Class io.ktor.network.sockets.SocketImpl                                              : loaded 2 times (x 139B)
Class io.ktor.network.sockets.NIOSocketImpl                                           : loaded 2 times (x 124B)
Class io.ktor.http.EmptyParameters                                                    : loaded 2 times (x 91B)
Class io.ktor.client.engine.cio.EndpointConfig                                        : loaded 2 times (x 73B)
Class io.ktor.client.engine.cio.CIOEngine                                             : loaded 2 times (x 99B)
Class kotlinx.serialization.internal.ListLikeDescriptor                               : loaded 2 times (x 98B)
Class io.ktor.utils.io.pool.ObjectPool                                                : loaded 2 times (x 72B)
Class io.ktor.network.tls.platform.PlatformVersionKt                                  : loaded 2 times (x 73B)
Class io.ktor.network.tls.extensions.SignatureAlgorithm                               : loaded 2 times (x 81B)
Class io.ktor.client.engine.cio.Endpoint$execute$1                                    : loaded 2 times (x 89B)
Class kotlin.io.FileSystemException                                                   : loaded 2 times (x 84B)
Class com.sun.jna.platform.win32.WinBase$SECURITY_ATTRIBUTES                          : loaded 2 times (x 125B)
Class kotlinx.io.unsafe.BufferIterationContext                                        : loaded 2 times (x 72B)
Class io.ktor.util.StringValuesImpl                                                   : loaded 2 times (x 93B)
Class kotlinx.serialization.BinaryFormat                                              : loaded 2 times (x 72B)
Class com.sun.jna.platform.win32.WinReg$HKEYByReference                               : loaded 2 times (x 86B)
Class com.sun.jna.platform.win32.BaseTSD$ULONG_PTR                                    : loaded 2 times (x 90B)
Class io.ktor.http.Parameters                                                         : loaded 2 times (x 72B)
Class io.ktor.client.engine.HttpClientEngineConfig                                    : loaded 2 times (x 74B)
Class io.ktor.client.engine.HttpClientEngineFactory                                   : loaded 2 times (x 72B)
Class kotlin.LazyKt__LazyJVMKt$WhenMappings                                           : loaded 2 times (x 73B)
Class com.sun.jna.platform.win32.WinBase$COMMTIMEOUTS                                 : loaded 2 times (x 125B)
Class kotlinx.serialization.internal.InlineClassDescriptorKt                          : loaded 2 times (x 73B)
Class io.ktor.utils.io.CloseHookByteWriteChannelKt                                    : loaded 2 times (x 73B)
Class io.ktor.network.util.Timeout                                                    : loaded 2 times (x 74B)
Class io.ktor.network.sockets.CIOReaderKt$attachForReadingDirectImpl$1$timeout$1      : loaded 2 times (x 97B)
Class io.ktor.client.plugins.SendCountExceedException                                 : loaded 2 times (x 84B)
Class io.ktor.util.pipeline.PipelinePhaseRelation                                     : loaded 2 times (x 73B)
Class io.ktor.network.selector.ActorSelectorManager$1                                 : loaded 2 times (x 97B)
Class kotlin.LazyThreadSafetyMode                                                     : loaded 2 times (x 81B)
Class kotlin.concurrent.ThreadsKt                                                     : loaded 2 times (x 73B)
Class com.sun.jna.platform.win32.WinNT                                                : loaded 2 times (x 72B)
Class io.ktor.network.sockets.ABoundSocket                                            : loaded 2 times (x 72B)
Class io.ktor.network.sockets.SocketOptions$PeerSocketOptions                         : loaded 2 times (x 77B)
Class io.ktor.util.PlatformUtilsJvmKt                                                 : loaded 2 times (x 73B)
Class io.ktor.util.StringValuesBuilder                                                : loaded 2 times (x 72B)
Class kotlin.jvm.internal.SpreadBuilder                                               : loaded 2 times (x 78B)
Class kotlin.collections.EmptyIterator                                                : loaded 2 times (x 91B)
Class com.sun.jna.platform.win32.WinBase$SYSTEM_INFO                                  : loaded 2 times (x 125B)
Class kotlinx.serialization.json.internal.JsonTreeReader                              : loaded 2 times (x 74B)
Class io.ktor.client.engine.cio.Endpoint$Companion                                    : loaded 2 times (x 73B)
Class io.ktor.client.plugins.HttpRequestRetryKt$HttpRequestRetry$1                    : loaded 2 times (x 131B)
Class io.ktor.client.plugins.api.ClientPluginImpl                                     : loaded 2 times (x 81B)
Class org.slf4j.LoggerFactory                                                         : loaded 2 times (x 73B)
Class io.ktor.network.selector.LockFreeMPSCQueueCore$Companion$REMOVE_FROZEN$1        : loaded 2 times (x 73B)
Class io.ktor.http.Headers                                                            : loaded 2 times (x 72B)
Class io.ktor.network.selector.InterestSuspensionsMap$WhenMappings                    : loaded 2 times (x 73B)
Class kotlin.text.MatchResult                                                         : loaded 2 times (x 72B)
Class io.ktor.utils.io.IODispatcher_jvmKt                                             : loaded 2 times (x 73B)
Class io.ktor.util.AttributesJvmBase                                                  : loaded 2 times (x 91B)
Class com.sun.jna.platform.win32.Winsvc$SERVICE_STATUS_PROCESS                        : loaded 2 times (x 125B)
Class io.ktor.utils.io.ByteReadChannel$Companion$Empty$1                              : loaded 2 times (x 81B)
Class io.ktor.network.sockets.JavaSocketOptionsKt                                     : loaded 2 times (x 73B)
Class io.ktor.http.HeadersImpl                                                        : loaded 2 times (x 100B)
Class io.ktor.client.plugins.DoubleReceivePluginKt$SaveBody$1$1                       : loaded 2 times (x 97B)
Class io.ktor.util.Platform$Jvm                                                       : loaded 2 times (x 73B)
Class io.ktor.client.request.HttpSendPipeline                                         : loaded 2 times (x 76B)
Class io.ktor.client.plugins.DefaultTransformKt$defaultTransformers$2                 : loaded 2 times (x 97B)
Class io.ktor.util.TextKt                                                             : loaded 2 times (x 73B)
Class kotlin.collections.ArrayAsCollection                                            : loaded 2 times (x 107B)
Class kotlin.text.Regex                                                               : loaded 2 times (x 74B)
Class com.sun.jna.platform.win32.WinDef$LCID                                          : loaded 2 times (x 96B)
Class io.ktor.client.engine.cio.ConnectionFactory$connect$1                           : loaded 2 times (x 89B)
Class io.ktor.client.plugins.HttpSend$DefaultSender$execute$1                         : loaded 2 times (x 89B)
Class io.ktor.client.plugins.api.TransformResponseBodyHook$install$1                  : loaded 2 times (x 97B)
Class io.ktor.client.plugins.SaveBodyPluginConfig                                     : loaded 2 times (x 73B)
Class io.ktor.network.sockets.SocketBuilder                                           : loaded 2 times (x 79B)
Class [Lcom.google.gson.stream.JsonToken;                                             : loaded 2 times (x 71B)
Class com.sun.jna.platform.win32.WinBase$FE_EXPORT_FUNC                               : loaded 2 times (x 72B)
Class com.sun.jna.platform.win32.WinDef$HINSTANCE                                     : loaded 2 times (x 84B)
Class kotlinx.serialization.json.JsonObject$Companion                                 : loaded 2 times (x 73B)
Class kotlinx.io.Source                                                               : loaded 2 times (x 72B)
Class io.ktor.client.request.HttpRequestBuilder$Companion                             : loaded 2 times (x 73B)
Class io.ktor.client.request.HttpRequestBuilder                                       : loaded 2 times (x 77B)
Class io.ktor.client.plugins.RequestError                                             : loaded 2 times (x 76B)
Class io.ktor.client.HttpClient                                                       : loaded 2 times (x 83B)
Class io.ktor.network.sockets.CIOReaderKt$readFrom$1                                  : loaded 2 times (x 89B)
Class kotlin.comparisons.ComparisonsKt__ComparisonsKt                                 : loaded 2 times (x 73B)
Class kotlin.collections.SetsKt___SetsKt                                              : loaded 2 times (x 73B)
Class com.sun.jna.platform.win32.WinDef$HRSRC                                         : loaded 2 times (x 84B)
Class com.sun.jna.platform.win32.WinBase$OVERLAPPED                                   : loaded 2 times (x 125B)
Class kotlinx.serialization.SerializersKt__SerializersKt                              : loaded 2 times (x 73B)
Class io.ktor.http.IllegalHeaderValueException                                        : loaded 2 times (x 84B)
Class io.ktor.util.StringValues$Companion                                             : loaded 2 times (x 73B)
Class kotlinx.serialization.builtins.BuiltinSerializersKt                             : loaded 2 times (x 73B)
Class kotlin.comparisons.ComparisonsKt                                                : loaded 2 times (x 73B)
Class kotlin.comparisons.ComparisonsKt___ComparisonsKt                                : loaded 2 times (x 73B)
Class kotlin.text.CharsKt__CharJVMKt                                                  : loaded 2 times (x 73B)
Class kotlinx.serialization.descriptors.SerialDescriptorImpl                          : loaded 2 times (x 90B)
Class io.ktor.utils.io.ByteWriteChannelOperationsKt                                   : loaded 2 times (x 73B)
Class io.ktor.client.plugins.api.ClientPluginBuilder                                  : loaded 2 times (x 74B)
Class io.ktor.network.selector.ActorSelectorManager$receiveOrNullSuspend$1            : loaded 2 times (x 89B)
Class io.ktor.network.selector.SelectorManagerKt                                      : loaded 2 times (x 73B)
Class [Lio.ktor.network.tls.extensions.HashAlgorithm;                                 : loaded 2 times (x 71B)
Class com.sun.jna.platform.win32.WinNT$OVERLAPPED_COMPLETION_ROUTINE                  : loaded 2 times (x 72B)
Class io.ktor.client.plugins.api.Send$install$1                                       : loaded 2 times (x 97B)
Class io.ktor.client.plugins.DefaultTransformKt$defaultTransformers$1                 : loaded 2 times (x 97B)
Class io.ktor.network.sockets.TcpSocketBuilder                                        : loaded 2 times (x 79B)
Class io.ktor.client.plugins.HttpRetryShouldRetryContext                              : loaded 2 times (x 73B)
Class io.ktor.client.plugins.HttpSend$Config                                          : loaded 2 times (x 73B)
Class io.ktor.util.reflect.TypeInfo                                                   : loaded 2 times (x 74B)
Class io.ktor.client.statement.HttpStatement                                          : loaded 2 times (x 74B)
Class io.ktor.network.sockets.SocketOptions$Companion                                 : loaded 2 times (x 73B)
Class kotlinx.serialization.json.internal.JsonStreamsKt                               : loaded 2 times (x 73B)
Class io.ktor.utils.io.KtorDsl                                                        : loaded 2 times (x 72B)
Class io.ktor.http.UnsafeHeaderException                                              : loaded 2 times (x 84B)
Class io.ktor.client.request.HttpRequestKt                                            : loaded 2 times (x 73B)
Class org.slf4j.IMarkerFactory                                                        : loaded 2 times (x 72B)
Class kotlinx.serialization.json.JsonElement$Companion                                : loaded 2 times (x 73B)
Class com.sun.jna.platform.win32.WinNT$SYSTEM_LOGICAL_PROCESSOR_INFORMATION           : loaded 2 times (x 125B)
Class io.ktor.network.selector.SelectorManagerSupport$select$2$1                      : loaded 2 times (x 76B)
Class io.ktor.network.sockets.InetSocketAddress                                       : loaded 2 times (x 75B)
Class io.ktor.util.StringValues                                                       : loaded 2 times (x 72B)
Class io.ktor.client.plugins.HttpRedirectKt$HttpRedirect$1                            : loaded 2 times (x 131B)
Class com.sun.jna.platform.win32.Winsvc$ChangeServiceConfig2Info                      : loaded 2 times (x 125B)
Class com.sun.jna.platform.win32.Wincon$CONSOLE_SCREEN_BUFFER_INFO                    : loaded 2 times (x 125B)
Class kotlinx.serialization.json.JsonElementSerializersKt$defer$1                     : loaded 2 times (x 87B)
Class io.ktor.utils.io.ClosedWriteChannelException                                    : loaded 2 times (x 84B)
Class io.ktor.network.sockets.Connection                                              : loaded 2 times (x 74B)
Class io.ktor.client.HttpClient$execute$1                                             : loaded 2 times (x 89B)
Class io.ktor.client.plugins.SetupRequestContext$install$1                            : loaded 2 times (x 97B)
Class io.ktor.client.plugins.HttpRequestLifecycleKt$HttpRequestLifecycle$1$1          : loaded 2 times (x 97B)
Class kotlin.collections.ArraysUtilJVM                                                : loaded 2 times (x 73B)
Class io.ktor.utils.io.ChannelJob                                                     : loaded 2 times (x 72B)
Class io.ktor.http.HttpMessagePropertiesKt                                            : loaded 2 times (x 73B)
Class io.ktor.http.Url                                                                : loaded 2 times (x 74B)
Class io.ktor.http.HttpMessage                                                        : loaded 2 times (x 72B)
Class io.ktor.client.plugins.HttpSend                                                 : loaded 2 times (x 74B)
Class io.ktor.client.content.ProgressListener                                         : loaded 2 times (x 72B)
Class kotlinx.serialization.internal.CollectionSerializer                             : loaded 2 times (x 100B)
Class io.ktor.utils.io.ByteWriteChannelOperations_jvmKt                               : loaded 2 times (x 73B)
Class io.ktor.network.sockets.SocketBase                                              : loaded 2 times (x 123B)
Class io.ktor.network.sockets.SocketOptions$GeneralSocketOptions                      : loaded 2 times (x 76B)
Class io.ktor.http.URLBuilder                                                         : loaded 2 times (x 74B)
Class io.ktor.client.plugins.HttpSend$Plugin$install$1                                : loaded 2 times (x 97B)
Class io.ktor.client.plugins.HttpSend$Plugin                                          : loaded 2 times (x 78B)
Class org.slf4j.helpers.BasicMarkerFactory                                            : loaded 2 times (x 84B)
Class kotlin.KotlinNothingValueException                                              : loaded 2 times (x 84B)
Class kotlinx.serialization.internal.CollectionLikeSerializer                         : loaded 2 times (x 98B)
Class kotlin.concurrent.ThreadsKt$thread$thread$1                                     : loaded 2 times (x 114B)
Class com.sun.jna.platform.win32.WinNT$FILE_NOTIFY_INFORMATION                        : loaded 2 times (x 127B)
Class io.ktor.utils.io.ByteReadChannelOperationsKt                                    : loaded 2 times (x 73B)
Class io.ktor.network.sockets.CIOReaderKt$attachForReadingDirectImpl$1                : loaded 2 times (x 97B)
Class io.ktor.network.sockets.Configurable                                            : loaded 2 times (x 72B)
Class io.ktor.util.CoroutinesUtilsKt                                                  : loaded 2 times (x 73B)
Class kotlinx.serialization.internal.ArrayListClassDesc                               : loaded 2 times (x 98B)
Class io.ktor.client.utils.EmptyContent                                               : loaded 2 times (x 81B)
Class kotlin.collections.MapsKt___MapsJvmKt                                           : loaded 2 times (x 73B)
Class com.google.gson.stream.JsonToken                                                : loaded 2 times (x 81B)
Class com.sun.jna.platform.win32.WinDef$HWND                                          : loaded 2 times (x 84B)
Class kotlinx.serialization.descriptors.SerialDescriptorsKt                           : loaded 2 times (x 73B)
Class kotlinx.io.Segment                                                              : loaded 2 times (x 74B)
Class kotlin.text.MatcherMatchResult$groupValues$1                                    : loaded 2 times (x 200B)
Class io.ktor.client.plugins.websocket.WebSocketCapability                            : loaded 2 times (x 73B)
Class kotlin.collections.EmptySet                                                     : loaded 2 times (x 124B)
Class com.sun.jna.platform.win32.WinDef$WORD                                          : loaded 2 times (x 94B)
Class com.sun.jna.platform.win32.WinDef                                               : loaded 2 times (x 72B)
Class io.ktor.client.statement.HttpReceivePipeline$Phases                             : loaded 2 times (x 73B)
Class io.ktor.network.selector.LockFreeMPSCQueueCore$Companion                        : loaded 2 times (x 73B)
Class io.ktor.http.URLBuilderKt                                                       : loaded 2 times (x 73B)
Class com.sun.jna.platform.win32.Kernel32Util                                         : loaded 2 times (x 73B)
Class com.sun.jna.platform.win32.BaseTSD$SIZE_T                                       : loaded 2 times (x 90B)
Class io.ktor.utils.io.ByteChannel$Slot$Companion                                     : loaded 2 times (x 73B)
Class io.ktor.utils.io.ByteChannel$Slot                                               : loaded 2 times (x 72B)
Class io.ktor.util.pipeline.DebugPipelineContext                                      : loaded 2 times (x 84B)
Class io.ktor.util.pipeline.Pipeline                                                  : loaded 2 times (x 76B)
Class com.sun.jna.platform.win32.WinBase$SYSTEMTIME                                   : loaded 2 times (x 127B)
Class kotlin.collections.ArraysKt___ArraysKt                                          : loaded 2 times (x 73B)
Class kotlin.io.FilesKt                                                               : loaded 2 times (x 73B)
Class [Lorg.slf4j.event.Level;                                                        : loaded 2 times (x 71B)
Class kotlinx.serialization.SerializersKt                                             : loaded 2 times (x 73B)
Class io.ktor.utils.io.WriterJob                                                      : loaded 2 times (x 77B)
Class com.google.gson.JsonSyntaxException                                             : loaded 2 times (x 84B)
Class org.slf4j.helpers.BasicMDCAdapter$1                                             : loaded 2 times (x 87B)
Class org.slf4j.helpers.Util                                                          : loaded 2 times (x 73B)
Class com.sun.jna.platform.win32.Kernel32                                             : loaded 2 times (x 72B)
Class io.ktor.utils.io.ByteWriteChannelOperationsKt$NO_CALLBACK$1                     : loaded 2 times (x 78B)
Class io.ktor.client.engine.UtilsKt$attachToUserJob$cleanupHandler$1                  : loaded 2 times (x 77B)
Class io.ktor.http.URLBuilderJvmKt                                                    : loaded 2 times (x 73B)
Class io.ktor.events.EventDefinition                                                  : loaded 2 times (x 73B)
Class io.ktor.util.collections.CopyOnWriteHashMap                                     : loaded 2 times (x 74B)
Class io.ktor.util.Platform$Native                                                    : loaded 2 times (x 73B)
Class io.ktor.http.content.OutgoingContent                                            : loaded 2 times (x 81B)
Class io.ktor.network.selector.SelectableBase                                         : loaded 2 times (x 97B)
Class kotlinx.serialization.json.JsonObject                                           : loaded 2 times (x 103B)
Class com.sun.jna.platform.win32.WinNT$IO_COUNTERS                                    : loaded 2 times (x 125B)
Class kotlin.enums.EnumEntriesKt                                                      : loaded 2 times (x 73B)
Class com.sun.jna.platform.win32.WinBase$FE_IMPORT_FUNC                               : loaded 2 times (x 72B)
Class com.sun.jna.platform.win32.WinBase$EnumResNameProc                              : loaded 2 times (x 72B)
Class com.sun.jna.platform.win32.WinBase$MEMORYSTATUSEX                               : loaded 2 times (x 125B)
Class kotlinx.serialization.internal.StringSerializer                                 : loaded 2 times (x 84B)
Class io.ktor.utils.io.ByteReadChannelOperationsKt$reader$1                           : loaded 2 times (x 97B)
Class io.ktor.network.sockets.Socket                                                  : loaded 2 times (x 72B)
Class io.ktor.util.pipeline.DebugPipelineContext$proceedLoop$1                        : loaded 2 times (x 89B)
Class io.ktor.client.plugins.ResponseException                                        : loaded 2 times (x 84B)
Class io.ktor.client.statement.HttpResponsePipeline                                   : loaded 2 times (x 76B)
Class [Lkotlin.LazyThreadSafetyMode;                                                  : loaded 2 times (x 71B)
Class com.sun.jna.platform.win32.WinNT$LUID                                           : loaded 2 times (x 125B)
Class com.sun.jna.platform.win32.Advapi32                                             : loaded 2 times (x 72B)
Class io.ktor.utils.io.pool.DefaultPool                                               : loaded 2 times (x 89B)
Class io.ktor.network.sockets.SocketOptions$TCPClientSocketOptions                    : loaded 2 times (x 78B)
Class io.ktor.util.pipeline.PhaseContent                                              : loaded 2 times (x 74B)
Class io.ktor.network.tls.extensions.SignatureAlgorithm$Companion                     : loaded 2 times (x 73B)
Class kotlin.jvm.internal.FunctionAdapter                                             : loaded 2 times (x 72B)
Class io.ktor.network.tls.CIOCipherSuites                                             : loaded 2 times (x 73B)
Class io.ktor.network.tls.CipherType                                                  : loaded 2 times (x 81B)
Class kotlin.text.MatcherMatchResult$groups$1                                         : loaded 2 times (x 153B)
Class com.sun.jna.platform.win32.WinNT$TOKEN_USER                                     : loaded 2 times (x 125B)
Class com.sun.jna.platform.win32.Winsvc$SERVICE_TABLE_ENTRY                           : loaded 2 times (x 125B)
Class com.sun.jna.platform.win32.Winsvc$SC_HANDLE                                     : loaded 2 times (x 84B)
Class io.ktor.utils.io.pool.ByteBufferPool                                            : loaded 2 times (x 89B)
Class io.ktor.utils.io.core.ByteReadPacketKt                                          : loaded 2 times (x 73B)
Class io.ktor.client.plugins.DefaultResponseValidationKt                              : loaded 2 times (x 73B)
Class io.ktor.util.pipeline.InvalidPhaseException                                     : loaded 2 times (x 84B)
Class io.ktor.network.selector.SelectorManager                                        : loaded 2 times (x 72B)
Class io.ktor.client.engine.cio.CIO                                                   : loaded 2 times (x 76B)
Class io.ktor.client.plugins.SetupRequestContext                                      : loaded 2 times (x 76B)
Class io.ktor.client.engine.KtorCallContextElement$Companion                          : loaded 2 times (x 73B)
Class com.sun.jna.platform.win32.WinNT$PSID$ByReference                               : loaded 2 times (x 127B)
Class com.sun.jna.platform.win32.Win32Exception                                       : loaded 2 times (x 88B)
Class io.ktor.utils.io.ByteChannel$awaitContent$1                                     : loaded 2 times (x 89B)
Class io.ktor.client.plugins.HttpCallValidatorKt                                      : loaded 2 times (x 73B)
Class com.sun.jna.platform.win32.Winsvc$SERVICE_STATUS                                : loaded 2 times (x 125B)
Class kotlin.SafePublicationLazyImpl$Companion                                        : loaded 2 times (x 73B)
Class com.sun.jna.platform.win32.Winsvc$HandlerEx                                     : loaded 2 times (x 72B)
Class [Lio.ktor.http.URLProtocol;                                                     : loaded 2 times (x 71B)
Class io.ktor.http.URLParserKt                                                        : loaded 2 times (x 73B)
Class io.ktor.client.request.HttpRequest                                              : loaded 2 times (x 72B)
Class io.ktor.client.plugins.HttpRedirectKt$HttpRedirect$2$1                          : loaded 2 times (x 97B)
Class io.ktor.client.plugins.DefaultResponseValidationKt$addDefaultResponseValidation$1$1: loaded 2 times (x 97B)
Class kotlinx.serialization.internal.AbstractCollectionSerializer                     : loaded 2 times (x 96B)
Class com.sun.jna.platform.win32.WinNT$TOKEN_PRIMARY_GROUP                            : loaded 2 times (x 125B)
Class com.sun.jna.platform.win32.Wincon                                               : loaded 2 times (x 72B)
Class com.sun.jna.platform.win32.WinNT$HANDLEByReference                              : loaded 2 times (x 86B)
Class io.ktor.network.sockets.ReadWriteSocket                                         : loaded 2 times (x 72B)
Class kotlinx.io.Sink                                                                 : loaded 2 times (x 72B)
Class io.ktor.http.URLBuilder$Companion                                               : loaded 2 times (x 73B)
Class io.ktor.utils.io.charsets.CharsetJVMKt                                          : loaded 2 times (x 73B)
Class io.ktor.client.plugins.HttpClientPlugin                                         : loaded 2 times (x 72B)
Class kotlin.coroutines.jvm.internal.Boxing                                           : loaded 2 times (x 73B)
Class kotlin.collections.ArraysKt                                                     : loaded 2 times (x 73B)
Class kotlin.text.CharsKt__CharKt                                                     : loaded 2 times (x 73B)
Class com.sun.jna.platform.win32.Winsvc$SERVICE_STATUS_HANDLE                         : loaded 2 times (x 84B)
Class com.sun.jna.platform.win32.WinNT$MEMORY_BASIC_INFORMATION                       : loaded 2 times (x 125B)
Class kotlinx.serialization.descriptors.PrimitiveKind$STRING                          : loaded 2 times (x 73B)
Class io.ktor.client.plugins.api.SetupRequest                                         : loaded 2 times (x 76B)
Class io.ktor.client.plugins.api.ClientPlugin                                         : loaded 2 times (x 72B)
Class io.ktor.http.HttpMethod$Companion                                               : loaded 2 times (x 73B)
Class kotlin.collections.SetsKt__SetsKt                                               : loaded 2 times (x 73B)
Class com.sun.jna.platform.win32.WinNT$SECURITY_DESCRIPTOR                            : loaded 2 times (x 125B)
Class com.sun.jna.platform.win32.WinBase$FOREIGN_THREAD_START_ROUTINE                 : loaded 2 times (x 125B)
Class com.sun.jna.platform.win32.WinNT$OSVERSIONINFO                                  : loaded 2 times (x 125B)
Class kotlinx.serialization.json.JsonLiteral                                          : loaded 2 times (x 76B)
Class io.ktor.util.StringValuesKt                                                     : loaded 2 times (x 73B)
Class io.ktor.http.Parameters$Companion                                               : loaded 2 times (x 73B)
Class org.slf4j.helpers.NOP_FallbackServiceProvider                                   : loaded 2 times (x 86B)
Class kotlin.collections.ArraysKt__ArraysJVMKt                                        : loaded 2 times (x 73B)
Class io.ktor.utils.io.ByteWriteChannelOperationsKt$writePacket$2                     : loaded 2 times (x 89B)
Class io.ktor.utils.io.ByteChannel$Slot$Write                                         : loaded 2 times (x 81B)
Class io.ktor.network.sockets.JavaSocketAddressUtilsKt                                : loaded 2 times (x 73B)
Class io.ktor.http.URLUtilsKt                                                         : loaded 2 times (x 73B)
Class io.ktor.network.tls.platform.PlatformVersion                                    : loaded 2 times (x 74B)
Class kotlinx.io.Buffer                                                               : loaded 2 times (x 118B)
Class kotlinx.serialization.json.internal.CharArrayPoolBase                           : loaded 2 times (x 74B)
Class io.ktor.utils.io.ByteReadChannelOperationsKt$reader$job$1                       : loaded 2 times (x 97B)
Class io.ktor.util.Platform$Js                                                        : loaded 2 times (x 74B)
Class io.ktor.network.tls.CipherSuite                                                 : loaded 2 times (x 74B)
Class io.ktor.http.ParametersBuilder                                                  : loaded 2 times (x 72B)
Class com.sun.jna.platform.win32.WinDef$LPVOID                                        : loaded 2 times (x 84B)
Class kotlinx.serialization.json.JsonElementSerializer                                : loaded 2 times (x 84B)
Class io.ktor.utils.io.ByteChannel$Slot$Empty                                         : loaded 2 times (x 73B)
Class kotlin.io.FilesKt__FileTreeWalkKt                                               : loaded 2 times (x 73B)
Class com.sun.jna.platform.win32.Wincon$INPUT_RECORD                                  : loaded 2 times (x 125B)
Class com.sun.jna.platform.win32.BaseTSD$ULONG_PTRByReference                         : loaded 2 times (x 86B)
Class io.ktor.utils.io.charsets.EncodingKt                                            : loaded 2 times (x 73B)
Class io.ktor.client.plugins.DefaultTransformersJvmKt                                 : loaded 2 times (x 73B)
Class org.slf4j.helpers.SubstituteServiceProvider                                     : loaded 2 times (x 87B)
Class kotlinx.io.SourcesJvmKt                                                         : loaded 2 times (x 73B)
Class [Lcom.sun.jna.platform.win32.Winsvc$SERVICE_TABLE_ENTRY;                        : loaded 2 times (x 71B)
Class com.sun.jna.platform.win32.WinBase$PROCESS_INFORMATION                          : loaded 2 times (x 125B)
Class org.slf4j.event.Level                                                           : loaded 2 times (x 81B)
Class kotlinx.serialization.json.internal.ArrayPoolsKt                                : loaded 2 times (x 73B)
Class kotlinx.io.SegmentKt                                                            : loaded 2 times (x 73B)
Class io.ktor.client.plugins.HttpRetryModifyRequestContext                            : loaded 2 times (x 74B)
Class io.ktor.util.logging.KtorSimpleLoggerJvmKt                                      : loaded 2 times (x 73B)
Class io.ktor.client.request.UnixSocketCapability                                     : loaded 2 times (x 73B)
Class kotlinx.serialization.internal.ArrayListSerializer                              : loaded 2 times (x 100B)
Class kotlinx.io.BuffersJvmKt                                                         : loaded 2 times (x 73B)
Class io.ktor.network.selector.LockFreeMPSCQueueCore$Placeholder                      : loaded 2 times (x 73B)
Class io.ktor.util.CollectionsKt                                                      : loaded 2 times (x 73B)
Class io.ktor.util.PlatformUtils                                                      : loaded 2 times (x 73B)
Class io.ktor.client.engine.HttpClientEngineCapability                                : loaded 2 times (x 72B)
Class [Lio.ktor.network.tls.CipherType;                                               : loaded 2 times (x 71B)
Class io.ktor.client.plugins.ReceiveError                                             : loaded 2 times (x 76B)
Class com.sun.jna.platform.win32.WinDef$DWORD                                         : loaded 2 times (x 96B)
Class kotlinx.io._UtilKt                                                              : loaded 2 times (x 73B)
Class io.ktor.network.sockets.CIOWriterKt$attachForWritingDirectImpl$1                : loaded 2 times (x 97B)
Class io.ktor.client.engine.cio.Endpoint                                              : loaded 2 times (x 83B)
Class io.ktor.http.URLParserException                                                 : loaded 2 times (x 84B)
Class io.ktor.client.plugins.RenderRequestHook$install$1                              : loaded 2 times (x 97B)
Class io.ktor.client.request.HttpRequestPipeline                                      : loaded 2 times (x 76B)
Class com.google.gson.Gson                                                            : loaded 2 times (x 74B)
Class kotlin.coroutines.jvm.internal.SuspendFunction                                  : loaded 2 times (x 72B)
Class com.sun.jna.platform.win32.BaseTSD                                              : loaded 2 times (x 72B)
Class kotlinx.io.unsafe.UnsafeBufferOperationsKt                                      : loaded 2 times (x 73B)
Class io.ktor.client.engine.HttpClientEngine$executeWithinCallContext$1               : loaded 2 times (x 89B)
Class kotlinx.io.RawSink                                                              : loaded 2 times (x 72B)
Class io.ktor.client.plugins.BodyProgressKt$BodyProgress$1$1                          : loaded 2 times (x 97B)
Class io.ktor.network.selector.ActorSelectorManager$process$1                         : loaded 2 times (x 89B)
Class io.ktor.util.collections.ConcurrentMap                                          : loaded 2 times (x 113B)
Class io.ktor.http.content.OutgoingContent$NoContent                                  : loaded 2 times (x 81B)
Class kotlinx.serialization.json.JsonElement                                          : loaded 2 times (x 73B)
Class io.ktor.network.selector.Selectable                                             : loaded 2 times (x 72B)
Class io.ktor.client.engine.HttpClientEngine$executeWithinCallContext$2               : loaded 2 times (x 97B)
Class io.ktor.client.plugins.DefaultTransformKt                                       : loaded 2 times (x 73B)
Class io.ktor.client.plugins.BodyProgressKt$BodyProgress$1$2                          : loaded 2 times (x 97B)
Class io.ktor.network.tls.CipherSuitesJvmKt                                           : loaded 2 times (x 73B)
Class io.ktor.http.URLProtocolKt                                                      : loaded 2 times (x 73B)
Class kotlin.text.MatcherMatchResult                                                  : loaded 2 times (x 82B)
Class kotlin.io.NoSuchFileException                                                   : loaded 2 times (x 84B)
Class com.sun.jna.platform.win32.WinDef$ULONGByReference                              : loaded 2 times (x 86B)
Class com.sun.jna.platform.win32.Tlhelp32$MODULEENTRY32W                              : loaded 2 times (x 127B)
Class io.ktor.network.util.UtilsKt                                                    : loaded 2 times (x 73B)
Class io.ktor.client.plugins.RequestError$install$1                                   : loaded 2 times (x 97B)
Class io.ktor.client.plugins.HttpRedirectKt                                           : loaded 2 times (x 73B)
Class [Lio.ktor.network.tls.SecretExchangeType;                                       : loaded 2 times (x 71B)
Class com.sun.jna.platform.win32.WinNT$SECURITY_DESCRIPTOR_RELATIVE                   : loaded 2 times (x 129B)
Class kotlinx.io.unsafe.UnsafeBufferOperationsKt$BufferIterationContextImpl$1         : loaded 2 times (x 79B)
Class io.ktor.utils.io.ByteChannel_jvmKt                                              : loaded 2 times (x 73B)
Class io.ktor.network.sockets.SocketAddress                                           : loaded 2 times (x 74B)
Class io.ktor.client.plugins.HttpPlainTextKt                                          : loaded 2 times (x 73B)
Class io.ktor.util.ConcurrentSafeAttributes                                           : loaded 2 times (x 92B)
Class io.ktor.client.HttpClientKt                                                     : loaded 2 times (x 73B)
Class io.ktor.network.selector.LockFreeMPSCQueueCore                                  : loaded 2 times (x 74B)
Class io.ktor.network.selector.ActorSelectorManager$ContinuationHolder                : loaded 2 times (x 74B)
Class io.ktor.client.plugins.sse.SSECapability                                        : loaded 2 times (x 73B)
Class io.ktor.client.engine.HttpClientEngineBase                                      : loaded 2 times (x 99B)
Class kotlin.text.MatchGroupCollection                                                : loaded 2 times (x 72B)
Class io.ktor.util.pipeline.PipelinePhaseRelation$Last                                : loaded 2 times (x 73B)
Class com.sun.jna.platform.win32.WinNT$PSIDByReference                                : loaded 2 times (x 86B)
Class com.sun.jna.platform.win32.WinBase$STARTUPINFO                                  : loaded 2 times (x 125B)
Class kotlinx.io.Segment$Companion                                                    : loaded 2 times (x 73B)
Class io.ktor.network.sockets.SocketImpl$connect$1                                    : loaded 2 times (x 89B)
Class io.ktor.http.CodecsKt                                                           : loaded 2 times (x 73B)
Class io.ktor.network.selector.SelectorManagerSupport                                 : loaded 2 times (x 92B)
Class io.ktor.network.sockets.AConnectedSocket                                        : loaded 2 times (x 72B)
Class io.ktor.util.DelegatingMutableSet$iterator$1                                    : loaded 2 times (x 83B)
Class io.ktor.http.URLProtocol$Companion                                              : loaded 2 times (x 73B)
Class io.ktor.client.plugins.api.TransformResponseBodyHook                            : loaded 2 times (x 76B)
Class org.slf4j.helpers.BasicMDCAdapter                                               : loaded 2 times (x 97B)

---------------  S Y S T E M  ---------------

OS:
 Windows 11 , 64 bit Build 26100 (10.0.26100.7019)
OS uptime: 3 days 18:37 hours
Hyper-V role detected

CPU: total 32 (initial active 32) (32 cores per cpu, 2 threads per core) family 26 model 68 stepping 0 microcode 0xb404035, cx8, cmov, fxsr, ht, mmx, 3dnowpref, sse, sse2, sse3, ssse3, sse4a, sse4.1, sse4.2, popcnt, lzcnt, tsc, tscinvbit, avx, avx2, aes, erms, clmul, bmi1, bmi2, adx, avx512f, avx512dq, avx512cd, avx512bw, avx512vl, sha, fma, vzeroupper, avx512_vpopcntdq, avx512_vpclmulqdq, avx512_vaes, avx512_vnni, clflush, clflushopt, clwb, avx512_vbmi2, avx512_vbmi, hv, rdtscp, rdpid, fsrm, gfni, avx512_bitalg, f16c, cet_ss, avx512_ifma
Processor Information for the first 32 processors :
  Max Mhz: 2500, Current Mhz: 2500, Mhz Limit: 2500

Memory: 4k page, system-wide physical 15548M (891M free)
TotalPageFile size 62652M (AvailPageFile size 477M)
current process WorkingSet (physical memory assigned to process): 1016M, peak: 1016M
current process commit charge ("private bytes"): 1577M, peak: 1577M

vm_info: OpenJDK 64-Bit Server VM (25.0.2+1-b329.72) for windows-amd64 JRE (25.0.2+1-b329.72), built on 2026-03-02 with MS VC++ 17.14 (VS2022)

END.
